address,id,info,latlng,name,score,tel,type
新城区咸宁西路西安交通大学东100米,168474535,,"34.256789,108.99702",友谊快捷酒店交大店,,['电话：15829244555'],民宿
未央区石化大道南玉丰村中段,42352865,"2014年装修 ,2014年开业 ","34.32394,108.91383",天隆宾馆(南玉丰村店),,['电话：029-86262520'],民宿
灞桥区席王路56号（近唐都医院、城东客运站）,112012470,2018年开业 ,"34.286855,109.072024",聚贤商务宾馆,,['电话：029-83520368'],民宿
莲湖区北大街宏城国际公寓,191126055,"2018年装修 ,2019年开业 ","34.265811,108.945639",路客精品民宿(西安钟鼓楼三分店),4.7,['电话：400-999-9270/18629613749/18675962642'],民宿
莲湖区西大街246号唐人街小区,186800426,"2018年装修 ,2018年开业 ","34.258846,108.930672",路客精品民宿(西安回民街桥梓口店),,['电话：400-999-9270/18629613749/18688846997'],民宿
灞桥区咸宁东路恒大绿洲小区49号楼3001室,194288558,"2017年装修 ,2019年开业 ","34.253185,109.040848",家在旅途温馨公寓(咸宁东路店),4.6,['电话：13383518383'],经济型
未央区元朔路长乐东苑C区,174905253,"2018年装修 ,2017年开业 ","34.373066,108.953759",西安家居宾馆,,['电话：13991280676/13772199362'],经济型
未央区龙首北路与未央路交汇处东北角宫园壹号二期,177770299,"2018年装修 ,2018年开业 ","34.29299,108.951144",西安豆小白的家公寓,,['电话：18049266808'],经济型
新城区幸福南路109号华清学院华清堂A座,184763398,"2018年装修 ,2018年开业 ","34.246579,109.019864",西安华清鼎立酒店,,['电话：029-82628080'],经济型
碑林区仁厚庄南路星币传说,177472629,"2018年装修 ,2018年开业 ","34.256504,108.99523",西安网宿民宿,,['电话：18710721573'],经济型
未央区凤城南路和文景路交叉口盛龙广场9号地，（地铁2号线大明宫西地铁口B口附近）,182585244,"2018年装修 ,2010年开业 ","34.302431,108.941419",永兰之家民宿,,['电话：18510126157/18309215513'],经济型
莲湖区北大街88号假日国际公寓6楼（近钟鼓楼、回民街）,917471897,"2019年装修 ,2019年开业 ","34.266579,108.946548",怡美恋家公寓酒店(西安钟鼓楼明城墙店),,['电话：13201885008'],经济型
碑林区太白北路256号泰华金汇时代,184923721,,"34.244105,108.922879",三彩家民宿(西北大/西工大店),,['电话：4000660190'],民宿
长安区东长安街501号运维国际培训中心,189920477,"2018年装修 ,2018年开业 ","34.155744,108.98",运维之家酒店,,['电话：029-89682111/13389288836'],经济型
碑林区环城南路东段香港宏信国际花园2号楼2单元13楼（近西安城墙、永宁门地铁站D2口）,194647668,"2019年装修 ,2019年开业 ","34.249865,108.950533",旎家智能精选公寓酒店,,['电话：18092905178'],经济型
新城区长乐中路钻石星座A-2104,192295827,"2019年装修 ,2019年开业 ","34.271604,108.997646",路客精品民宿(西安通化门地铁站店),,['电话：400-999-9270/18665080469/18666624093'],民宿
碑林区环城南路宏信国际花园,191123281,"2019年装修 ,2019年开业 ","34.249054,108.950755",路客精品民宿(西安永宁门地铁站店),,['电话：400-999-9270/15353993029'],民宿
莲湖区桥梓口上海城公馆（近回民街）,191143151,2019年开业 ,"34.259987,108.931865",路客精品民宿(西安回民街店),,['电话：400-999-9270/18620179092'],民宿
莲湖区回民街大学习巷64号（近钟楼、鼓楼）,659325963,"2019年装修 ,2019年开业 ","34.261407,108.936153",期与归民宿(回民街钟鼓楼店),4.7,['电话：17792468740/13638694035'],经济型
碑林区文艺北路望城国际,185176066,"2018年装修 ,2018年开业 ","34.247924,108.953491",路客精品公寓(文艺北路店),,['电话：400-999-9270/18629613749/18529107305'],民宿
未央区未央路与玄武路交汇处宫园中央,191126053,"2019年装修 ,2019年开业 ","34.303765,108.949478",路客精品民宿(西安大明宫地铁站店),,['电话：400-999-9270/13160845735'],民宿
临潼区秦唐大道与芷阳路交口东南角,194436750,,"34.370119,109.190201",西安西屋宾馆,,['电话：17719584168'],民宿
雁塔区芙蓉东路121号丰景佳园,179298295,"2018年装修 ,2018年开业 ","34.218005,108.971711",居派空间公寓(西安大雁塔店),,['电话：18518256882'],经济型
未央区城北未央大道添好花园,187881007,"2019年装修 ,2019年开业 ","34.308041,108.950988",路客精品公寓(市政府地铁站店),,['电话：400-999-9270/17691206302/18666624093'],民宿
莲湖区北大街宏府嘉会公寓A座1009,114740346,2016年开业 ,"34.262299,108.946547",西安钟楼鼓楼公寓酒店,,['电话：15349299301'],民宿
未央区未央路220号紫薇苑·欧洲世家，运动公园。（火车北站/市政府周围）,157192397,"2017年装修 ,2015年开业 ","34.349778,108.94714",hope house普通公寓,,['电话：'],民宿
新城区华清西路225号坚果公寓1单元901室,194925637,"2019年装修 ,2019年开业 ","34.279799,108.980937",生活·派主题公寓,,['电话：18392000633'],经济型
莲湖区北大街88号,191749782,,"34.262794,108.946737",回民街艾麦顿拉之家,,['电话：15029908352'],民宿
莲湖区文景南路上和城,189995460,,"34.288368,108.941269",弯弯民宿(红庙坡店),,['电话：4000660190'],民宿
雁塔区慈恩路与芙蓉西路交汇处曲江皇家花园D12栋,180044061,"2018年装修 ,2018年开业 ","34.216306,108.96909",浣花溪民宿,,['电话：18089261103'],经济型
碑林区长安北路大话南门2期,191142155,"2018年装修 ,2018年开业 ","34.239841,108.949309",路客精品民宿(西安南稍门地铁站省体育场一分店),,['电话：400-999-9270/18629613749/18392691631'],民宿
碑林区德福巷22号德福巷小区,191129604,"2018年装修 ,2019年开业 ","34.254575,108.943828",路客精品民宿(西安德福巷酒吧街店),,['电话：400-999-9270/15886775559'],民宿
碑林区长安北路中段新文巷骊马豪城,164110980,"2018年装修 ,2018年开业 ","34.236487,108.949887",天地汇民宿,,['电话：13384957145/15399018331'],经济型
未央区未央路33号印象城购物中心,177685388,2018年开业 ,"34.293088,108.947706",IUxHOME爱优家的民宿(龙首村二店),,['电话：4000660190'],民宿
未央区元朔路长乐东苑B区,184931206,,"34.375282,108.953255",五十三号民宿(西安北站店),,['电话：4000660190'],民宿
雁塔区乐游路后村新区后村嘉园,194510929,,"34.226016,108.969604",西安邓伦的民宿(大雁塔店),,['电话：4000660190'],民宿
阎良区大良路101号,747648429,,"34.661656,109.236631",航源商务酒店,,['电话：029-89071818'],舒适型
雁塔区后村西路后村嘉园,193648245,"2019年装修 ,2019年开业 ","34.225823,108.968651",有家美宿(西安大雁塔地铁站店),4.7,['电话：17792523150'],舒适型
雁塔区太白南路39号,195878154,"2019年装修 ,2019年开业 ","34.20684,108.903854",西安柏朗酒店,,['电话：18092259068'],舒适型
碑林区含光北路137号（近省医院，永宁门地铁站）,664332,"2012年装修 ,1998年开业 ","34.245971,108.93274",鸿业大酒店(含光门小雁塔店),4.5,['电话：029-88108802/88108803'],三星级
新城区东大街69号SOLO公寓8层（与尚勤路交汇处）,3281669,"2015年装修 ,2013年开业 ","34.259887,108.967205",西安蓝萨假日酒店(钟楼东大街店),4.5,['电话：029-87659555'],舒适型
碑林区东木头市172号（南大街与东木头市十字向东200米）,71418799,"2016年装修 ,2016年开业 ","34.255796,108.948788",左艺术时尚精品酒店(西安钟楼店),4.8,['电话：029-86677789'],舒适型
莲湖区北大街444号路西（近北门）,2486649,"2016年装修 ,2013年开业 ","34.274564,108.946956",景玉商旅酒店,5,['电话：029-87268115/83668899'],三星级
新城区尚朴路北长巷10号,90320518,"2016年装修 ,2016年开业 ","34.262746,108.951565",玖加壹大酒店,4.2,['电话：029-87563061'],民宿
雁塔区含光南路100号（西安美术学院南隔壁）,678321,"2015年装修 ,2015年开业 ","34.217407,108.931465",臻美文化艺术酒店,4.5,['电话：029-88240088'],民宿
碑林区友谊东路中铁一局西院（李家村十字西北角，中信银行旁院内）,60431704,"2015年装修 ,2015年开业 ","34.241701,108.962966",遇见太空舱睡眠酒店(李家村万达大雁塔店),4.9,['电话：17792706720'],民宿
碑林区雁塔中路33号,74892414,"2013年装修 ,2013年开业 ","34.233271,108.964611",星程酒店(西安大雁塔店),4.6,['电话：'],民宿
碑林区商业步行街兴正元广场（近骡马市步行街）,1498264,"2011年装修 ,2007年开业 ","34.256187,108.950667",兴正元国际酒店,4.6,['电话：029-88121111/85769999/88120666/85761518'],民宿
碑林区南门外珠江时代广场A座6楼,40877760,"2017年装修 ,2015年开业 ","34.248481,108.949716",马里奥精品酒店公寓,4.6,['电话：18191322520'],舒适型
雁塔区乐游东路1号（近大雁塔北广场，大唐芙蓉园）,189309460,"2018年装修 ,2018年开业 ","34.225208,108.972846",西安大唐乐游酒店,4.8,['电话：029-89561888'],舒适型
碑林区西大街32号（鼓楼正对面，竹笆市北口东50米）,664986,"2015年装修 ,2002年开业 ","34.258986,108.944062",美伦酒店(年轮店),4.2,['电话：029-87288888'],舒适型
碑林区长安北路14号（省体育场内）,664894,"2011年装修 ,2011年开业 ","34.23401,108.94486",体育宾馆,4.6,['电话：029-87886600'],舒适型
雁塔区雁南路南侧曲江通善坊7栋3单元,2450679,"2012年装修 ,2012年开业 ","34.210404,108.966257",皇御金廷休闲商务会所,4.8,['电话：029-85331333'],民宿
新城区幸福北路1号万寿路地铁C口（近长乐东路）,658628,"2001年装修 ,2012年开业 ","34.270202,109.016422",黄河宾馆,4.8,['电话：029-82162400'],民宿
碑林区端履门2号柏树林十字城市之心A座,42864513,"2015年装修 ,2015年开业 ","34.256301,108.953614",乐福青年旅舍,4.9,['电话：18918859802'],民宿
碑林区和平路66号（第四医院南500米路西，天阙酒吧正对面）,1456931,"2014年装修 ,2018年开业 ","34.25601,108.962959",神宾酒店(东大街钟楼机场大巴站店),4.7,['电话：029-85760888'],民宿
碑林区骡马市2号（近秦唐一号）,2470299,"2013年装修 ,2013年开业 ","34.256139,108.949597",凯宏大酒店,4.8,['电话：029-87282626/87374788'],民宿
莲湖区西大街社会路8号钟鼓楼广场北侧（同盛祥旁）,1516486,"2010年装修 ,2004年开业 ","34.260623,108.94459",文苑大酒店,4.4,['电话：029-83103000/83103003'],三星级
未央区学府南路五十八中学西侧,179503051,"2018年装修 ,2018年开业 ","34.37077,108.963664",西安雷汀曼酒店(北客站店),4.7,['电话：029-81701158'],舒适型
碑林区友谊西路175号（省行政学院旁）,669039,"2013年装修 ,2008年开业 ","34.241546,108.934179",陕西公务员大厦,4.8,['电话：029-85560888/85565366/85565866'],民宿
碑林区南大街70号（近钟楼饭店）,664911,"2009年装修 ,1988年开业 ","34.257313,108.946099",西安城市酒店,4.2,['电话：029-87219988'],三星级
碑林区和平路东羊市7号马厂子十字东南角（近菊花园大差市）,1480567,2008年开业 ,"34.256595,108.961127",宫寓连锁酒店,4.7,['电话：029-87527007'],民宿
雁塔区雁引路副1号,674128,"2010年装修 ,2010年开业 ","34.22159,108.966553",雁苑宾馆(大雁塔店),4.5,['电话：029-88109900/88109900'],民宿
碑林区环城南路西段136号（近回民街）,2380988,"2011年装修 ,2000年开业 ","34.250608,108.933418",含光门大酒店,4.7,['电话：029-88410888'],民宿
临潼区灞临路营背后村西北200米（骊山森林公园，近华清池）,76292170,"2016年装修 ,2016年开业 ","34.354751,109.200186",后瀛民宿,4.1,['电话：029-83931118'],舒适型
莲湖区西大街265号,111721805,"2016年装修 ,2016年开业 ","34.259771,108.93513",和家精品酒店(西安钟楼回民街店),4.7,['电话：029-89502666'],民宿
雁塔区朱雀大街长安西路14号紫郡长安小区,123035469,"2017年装修 ,2017年开业 ","34.191659,108.938642",栖隅酒店(会展中心电视塔店),4.8,['电话：029-82221999'],舒适型
碑林区友谊东路38号（距离交大南门50米、南二环100米）,193561627,"2019年装修 ,2019年开业 ","34.241082,108.981748",西安缱舍酒店,5,['电话：029-88853699'],舒适型
莲湖区大兴东路龙湖moco一号楼二号厅（汉庭内）,168976733,"2018年装修 ,2018年开业 ","34.285334,108.919245",栖隅酒店,4.5,['电话：029-65655665/15829755122'],舒适型
碑林区太乙路空军医院东100米,42825525,"2015年装修 ,2013年开业 ","34.243109,108.969186",武警招待所(秦武大厦店),4.7,['电话：18821710839'],民宿
雁塔区永松路99号,1500564,"2011年装修 ,2008年开业 ","34.230167,108.924493",玥瑶假日酒店,4.7,['电话：029-62890099/62890088'],民宿
碑林区西南城角景寓学府东区9号楼713室（丰庆路东口）,63502586,"2015年装修 ,2015年开业 ","34.24829,108.919888",雅宿主题酒店(西北大学店),4.8,['电话：029-84217788'],民宿
莲湖区西北三路15号（地铁一号线洒金桥站B出口向北50米）,2485579,"2013年装修 ,2013年开业 ","34.270633,108.933168",陕西晶顿酒店,4.7,['电话：029-86600007'],民宿
莲湖区莲湖路36号（近莲花池街）,674234,"2012年装修 ,2002年开业 ","34.269635,108.94353",金海大酒店,4.3,['电话：029-87335505/87335228'],民宿
雁塔区二环南路西段108号紫竹花园大厦A座（太白立交东南角）,4284277,"2013年装修 ,2012年开业 ","34.231615,108.925012",卡森酒店(二环南路店),4.5,['电话：029-89195839/89189130/88605666'],民宿
新城区钟楼案板街平安市场内28号（案板街南口）,83076,"2008年装修 ,1992年开业 ","34.260388,108.949672",德发长酒店,4.5,['电话：029-87676658'],民宿
新城区南新街28号（省政府往南200米路西）,664935,"2014年装修 ,2006年开业 ","34.2622,108.953777",德邻酒店,4.5,['电话：029-87288666/87283366'],民宿
未央区北二环中段669号（明珠家居正对面）,669313,"2012年装修 ,2008年开业 ","34.310559,108.957836",晶海酒店,4.8,['电话：029-86178888'],民宿
未央区经开区凤城四路国际企业中心B座（距世纪金花300米，近凤城五路地铁站B口）,177216611,"2018年装修 ,2018年开业 ","34.326102,108.942639",悦莅酒店,4.9,['电话：029-89530888/18629106842'],舒适型
"莲湖区钟楼宏府嘉会广场A座8008室（靠近钟楼,在民生百货和新世界百货之间）",3301591,"2015年装修 ,2014年开业 ","34.262707,108.946342",钟楼宏府壹号公寓酒店,4.5,['电话：029-87395587'],民宿
雁塔区翠华南路229号挚友大厦1楼,193627937,"2019年装修 ,2019年开业 ","34.220092,108.956858",H酒店·西安大雁塔地铁站店,4.8,['电话：029-86612777/18049579824/13201454006'],舒适型
碑林区朱雀门内广济街38号,664950,"2014年装修 ,1998年开业 ","34.254666,108.93876",建苑大厦,4.7,['电话：029-87606999/87606868/87606969'],民宿
雁塔区长安南路84号(近麦德龙、电视塔、国际会展中心，与陕西社会主义学院同院),670788,"2013年装修 ,2010年开业 ","34.192145,108.944821",长安雅集大厦,4.6,['电话：029-85568999/85376232'],民宿
碑林区骡马市步行街20号（兴正元广场B座对面）,189575148,"2018年装修 ,2019年开业 ","34.256859,108.95004",丽班酒店(钟楼骡马市步行街店 ),4.9,['电话：029-88861616'],舒适型
新城区长缨东路233号（故乡润土对面）,162950791,"2017年装修 ,2017年开业 ","34.277761,109.003225",景玉和悦酒店(长缨路店),4.6,['电话：029-89628899'],舒适型
雁塔区丈八东路5号（电视塔西侧，地铁2号线会展中心站A2出口向西200米）,1520060,"2016年装修 ,2010年开业 ","34.198624,108.942216",佳恒富都酒店,4.7,['电话：029-85566888'],舒适型
雁塔区锦业二路和丈八五路交汇处向西100米路南（近腾业南院小区大门）,103082146,"2016年装修 ,2016年开业 ","34.182177,108.859246",花容悦酒店(高新区锦业二路店),4.8,['电话：029-81113886/81113889'],舒适型
未央区凤城一路24号泰德紫玉公馆第四幢一单元1层,191483754,"2019年装修 ,2018年开业 ","34.312434,108.939271",H酒店(西安凤城一路店),5,['电话：029-89636868'],舒适型
长安区北长安街229号（凤栖原地铁站C出口南200米）,177543477,"2019年装修 ,2019年开业 ","34.165719,108.945891",H酒店(西安航天总医院凤栖原地铁站店),5,['电话：029-85877719/18792785916'],舒适型
雁塔区高新区大寨路6号（莱安逸珲东侧，大寨路与丈八北路十字东300米）,160414094,"2017年装修 ,2017年开业 ","34.244774,108.877244",西安馨美寓公寓酒店(西安高新店),4.8,['电话：029-88773373/18292002789'],舒适型
未央区灞柳西路浐灞半岛A13区1号楼,179536189,"2018年装修 ,2018年开业 ","34.324699,109.038544",西安5豪酒店,4.5,['电话：029-83536801'],舒适型
未央区凤城十一路与文景路交汇处文景商务广场1号楼,165389004,"2017年装修 ,2018年开业 ","34.356031,108.937888",西安德美豪墅酒店,4.8,['电话：029-89666188'],舒适型
新城区东五路83号民安大厦A座3楼（距万达广场100米，近五路口地铁站D出口）,92349597,"2016年装修 ,2016年开业 ","34.270499,108.964299",轻住.感受主题酒店(万达广场五路口地铁站店),5,['电话：029-89125858'],舒适型
莲湖区大庆路101号（玉祥门转盘西200米路北，距地铁一号线玉祥门地铁站A出口100米）,1153811,"2016年装修 ,2011年开业 ","34.270019,108.918841",南方酒店(玉祥门地铁站店),5,['电话：029-88653588'],舒适型
临潼区秦陵北路秦景园小区1号楼1层（森林雨火锅旁）,165489555,"2018年装修 ,2018年开业 ","34.381745,109.236196",宜必思酒店(西安临潼兵马俑景区店),4.7,['电话：029-65605888/13201741188'],舒适型
未央区北三环大明宫建材市场石材城东区昭远门路88号,66098697,"2016年装修 ,2016年开业 ","34.368619,108.986959",保龙假日酒店,4.6,['电话：029-89329999'],舒适型
新城区东大街7号消防中队西侧（巷内北50米）,2550519,"2014年装修 ,2014年开业 ","34.260343,108.969043",梦飞翔龙酒店(钟楼永兴坊店),4.8,['电话：029-87418333'],舒适型
莲湖区北关正街36号（安远门地铁站北100米）,674198,"2018年装修 ,2003年开业 ","34.28358,108.9467",气象宾馆(西安钟楼北安远门地铁站店),4.6,['电话：029-86281001'],舒适型
雁塔区西影路63号（大雁塔地铁站D出口东500米）,194451464,"2019年装修 ,2019年开业 ","34.223602,108.970296",意境Gspa香薰星空酒店,4.8,['电话：15802996998'],民宿
碑林区南大街113号百货大厦1楼,194494559,"2019年装修 ,2019年开业 ","34.255864,108.947689",西安百货大厦酒店,,['电话：029-89621666/15353492931'],经济型
未央区浐灞生态区浐灞大道1366号,4840958,"2014年装修 ,2014年开业 ","34.314428,109.03334",工商管理硕士学院学术交流中心,4.7,['电话：029-83337333'],舒适型
碑林区环城南路东段宏信花园小区1号楼1层（陕西会客厅旁，距2号线永宁门地铁站200米）,177397685,"2018年装修 ,2017年开业 ","34.250011,108.950466",华清盛汤酒店,4.2,['电话：029-65617777'],舒适型
雁塔区丈八三路与锦业路十字路口西南角150米旗远锦樾2号楼（锦业一路和丈八三路十字西北角近棉业路）,51189862,"2015年装修 ,2017年开业 ","34.192436,108.87447",诺宝酒店,4.6,['电话：15591871358/18209181599'],舒适型
未央区未央路33号印象城,165856813,"2018年装修 ,2018年开业 ","34.294436,108.948083",瑶蘭公寓,,['电话：13770098633'],舒适型
碑林区东柳巷综合楼541室,187860739,2018年开业 ,"34.258139,108.95308",西安栖游记酒店,,['电话：18710610366'],民宿
莲湖区丰庆路御溪望城4号楼四层,195032572,"2019年装修 ,2019年开业 ","34.251525,108.919708",西安莱昂电竞酒店,4.7,['电话：17802937296'],舒适型
雁塔区电子西街与电子四路交汇处西北角,95250766,"2016年装修 ,2016年开业 ","34.205497,108.912127",西京酒店(高新电子城店),4.8,['电话：029-88273333'],舒适型
碑林区仁义路珠江时代广场A座艾斯汀国际公寓718室（南门广场东南角）,50084356,"2015年装修 ,2013年开业 ","34.248548,108.948828",唐韵公寓酒店(钟鼓楼城墙南门店),4.6,['电话：029-85408716/15398093659/18191851415'],舒适型
雁塔区大雁塔北广场西北角,93270689,"2016年装修 ,2016年开业 ","34.223527,108.963597",永丰酒店(曲江大雁塔北广场店),4.6,['电话：029-85563311/85563322'],舒适型
未央区凤城七路与文景路交汇处西200米路北科研大厦一层（汉神购物广场西侧）,169435304,"2018年装修 ,2018年开业 ","34.337775,108.935411",西安格瑞佳酒店,5,['电话：029-87528888/19929977471'],舒适型
灞桥区柳雪路996号,95123357,"2016年装修 ,2016年开业 ","34.288064,109.089357",水墨长安艺术酒店,4.7,['电话：029-83623900'],舒适型
碑林区东柳巷综合楼118号（钟楼回民街东500米，东大街与端履门交汇南100米）,184217375,"2018年装修 ,2018年开业 ","34.258202,108.953311",轻住·西安丝路风情精选酒店,5,['电话：029-87366606/18133969377'],舒适型
雁塔区翠华路1438号瓦胡同小区1号楼西侧（近国展中心）,163445163,"2017年装修 ,2017年开业 ","34.198319,108.953551",西安创逸精品酒店,4.6,['电话：029-62385777'],舒适型
碑林区东大街骡马市22号（近锦江之星）,665957,"2016年装修 ,2007年开业 ","34.25685,108.950121",佰连商务酒店(钟楼骡马市店),4.9,['电话：029-87286000'],舒适型
碑林区东大街菊花园19号（近钟鼓楼、回民街）,192814844,"2019年装修 ,2019年开业 ","34.258013,108.957215",嘉·唐巢智能网红酒店,5,['电话：029-87366969'],舒适型
未央区未央湖旅游开发区阳光大道1号（近未央湖公园）,6701216,"2011年装修 ,2000年开业 ","34.399492,108.980277",西安华浮宫酒店,4.5,['电话：029-86677777'],三星级
雁塔区锦业路与丈八一路交口东北角旺都国际大厦C座,175236771,"2018年装修 ,2018年开业 ","34.195683,108.885159",南方酒店(锦业路店),5,['电话：029-89615888'],舒适型
新城区解放路与西六路交汇处西北角（近地铁1/4号线五路口站A出口、近火车站）,169384393,"2018年装修 ,2018年开业 ","34.272,108.962525",H酒店·西安火车站五路口地铁机场大巴店,5,['电话：029-89626249'],舒适型
未央区欧亚大道666号欧亚国际A座18层,179279422,"2018年装修 ,2018年开业 ","34.331196,109.015982",自由人酒店,4.9,['电话：029-83748888/15339082156'],舒适型
莲湖区北大街宏府嘉会B座6008号（钟楼地铁站A口出左转弘盛公寓酒店进）,85499732,"2015年装修 ,2016年开业 ","34.262168,108.94595",西安钟楼亚朵尚品酒店(回民街钟楼地铁站店),4.6,['电话：17791598289'],民宿
未央区凤城五路赛高街区世纪金花3号楼3单元602,169291779,"2018年装修 ,2018年开业 ","34.329037,108.946266",西安千寻民宿,4.1,['电话：15509118033'],民宿
莲湖区枣园西路229号的士广场,947813315,"2019年装修 ,2019年开业 ","34.283543,108.855395",凯里亚德酒店(西安皂河地铁站店),,['电话：029-65655588'],舒适型
户县涝滨南路水岸新城西门北100米,41643674,"2015年装修 ,2015年开业 ","34.104018,108.591035",新航大酒店(原国航酒店),4.2,['电话：029-89016666'],高档型
雁塔区吉祥路183号（吉祥路人行天桥路北，太白南路地铁站D3出口）,42885747,"2015年装修 ,2015年开业 ","34.224321,108.920397",金商时代酒店(太白南路地铁站),4.1,['电话：029-87777773'],高档型
新城区建工路新城科技产业园华企大厦5楼（近华清学院）,124080633,"2017年装修 ,2016年开业 ","34.245275,109.009261",乐舒酒店(西安建工路华清学院店),4.2,['电话：029-65671555/15129010516/18893328808'],高档型
莲湖区环城西路328号（玉祥门外转盘南150米路西）,1531962,"2011年装修 ,2001年开业 ","34.267293,108.921914",紫金山大酒店,3.9,['电话：029-87668699/87668888'],高档型
新城区华清东路186号（火车东站对面）,1098794,"2011年装修 ,2011年开业 ","34.28732,109.006659",西安鑫福莱大酒店,4,['电话：029-82500000/82695559'],高档型
雁塔区富鱼路81号,72980954,"2016年装修 ,2016年开业 ","34.237656,108.861792",H酒店·西安外事学院精品店,4.9,['电话：029-88881889'],高档型
碑林区咸宁西路交大街1号（理工大学南门对面）,1466280,"2011年装修 ,2011年开业 ","34.250375,108.993338",苹果之歌设计师酒店(交通大学店),4.5,['电话：029-82283555'],高档型
新城区长乐中路93号,664933,"2004年装修 ,1988年开业 ","34.270072,109.00229",万年大酒店,4.1,['电话：029-82596666/82596918/82596999'],四星级
碑林区钟楼南大街32号中大国际北侧（近钟鼓楼步行街）,664934,"2012年装修 ,2009年开业 ","34.254616,108.946453",西安天阅酒店,4.3,['电话：029-87632222/87632255'],高档型
户县甘亭镇西街西转盘十字东北角,6298082,"2018年装修 ,2014年开业 ","34.108313,108.599823",汇尊大酒店(户县大十字店),4.6,['电话：029-89017888'],高档型
未央区未央路80号盛龙广场1号楼6层（大明宫西地铁B口向南400米）,193107873,"2019年装修 ,2019年开业 ","34.300022,108.946411",星程轻居酒店(西安大明宫西盛龙广场店),4.7,['电话：029-86331818'],高档型
新城区东大街炭市街3号（近钟鼓楼、回民街）,1390170,"2012年装修 ,2011年开业 ","34.261429,108.956207",华威商务酒店,4,['电话：029-87446666/87388422/87388512'],高档型
雁塔区二环南路西段铁通大厦一楼（人才市场对面）,157751116,"2019年装修 ,2018年开业 ","34.231181,108.926506",西安铁通精品商务酒店(电子科大太白立交印象城店),5,['电话：029-82333888/82333502'],高档型
碑林区友谊西路352号凯瑞大厦（边家村十字向西150米西工大南门对面）,6686619,"2014年装修 ,2014年开业 ","34.240787,108.919084",莱卡酒店,4.5,['电话：029-88484888'],高档型
未央区二环北路市政馨苑6号楼（未央立交桥东南侧，宜必思酒店旁）,5692564,"2016年装修 ,2013年开业 ","34.30901,108.949764",铂金丽宫酒店,4.3,['电话：029-86100009'],高档型
未央区凤城二路大明宫万达广场5号公寓对面（农业银行东50米，距地铁4号线余家寨站C口50米）,165639243,"2018年装修 ,2018年开业 ","34.317343,108.974337",非繁·桦美酒店(西安大明宫万达广场地铁站),4.6,['电话：029-63393328/15129049501'],高档型
未央区秦川路99号（近红旗厂、大明宫建材市场）,6167216,"2018年装修 ,2014年开业 ","34.361606,108.976983",港龙大酒店,4.4,['电话：029-89168999'],高档型
临潼区陕鼓大道39号群星莱骊二期南2门9号楼（芷阳湖与建设银行交叉路北50米，近西安科技大学）,162662645,"2017年装修 ,2017年开业 ","34.371604,109.190042",喆·啡酒店(西安临潼兵马俑华清池景区店),5,['电话：029-83931122/029-83937799/13893744355/18729213567'],高档型
碑林区东大街菊花园9号（近地铁二号线钟楼站、钟鼓楼）,1027228,"2011年装修 ,2010年开业 ","34.257249,108.957288",富森城市酒店,4.7,['电话：029-87397398'],高档型
雁塔区曲江新区翠华南路17号（近西安植物园）,6253277,"2014年装修 ,2014年开业 ","34.206525,108.956796",百事特威酒店(西安曲江店),4.9,['电话：029-88896888'],高档型
莲湖区莲湖路洒金桥十字北300米（地铁洒金桥站旁，近西北三路）,665818,"2015年装修 ,2019年开业 ","34.271559,108.933389",含光君悦酒店,5,['电话：029-87338999'],高档型
新城区解放路与东六路交汇处东50米，近民乐园万达广场（近解放路）,70571634,"2014年装修 ,2014年开业 ","34.271529,108.964852",民幸精品酒店,4.6,['电话：029-88890222/87364857'],高档型
雁塔区西影路63号（市委党校斜对面）,165644929,2014年开业 ,"34.223576,108.970309",丽途精选酒店,4.5,['电话：029-88665000'],高档型
未央区朱宏路与北二环交叉口南500米紫郡华宸B座,163926923,"2017年装修 ,2018年开业 ","34.304374,108.924395",希岸酒店(西安汉城湖风景区店),4.9,['电话：029-86231999'],高档型
未央区凤城三路与贞观路交汇处北50米路东（紧邻西安市第三医院、近四海唐人街）,63063794,"2016年装修 ,2016年开业 ","34.322496,108.960583",和玺酒店(市图书馆大明宫万达余家寨地铁站店),4.4,['电话：029-86102222'],高档型
临潼区人民西路8号,2464200,"2012年装修 ,2012年开业 ","34.375642,109.204149",骊山国际假日酒店,4.4,['电话：029-83881111'],高档型
未央区凤城九路135号（凤城九路与朱宏路交叉口东50米路北，地铁4号线凤城九路站A出口西500米）,187708512,"2018年装修 ,2018年开业 ","34.347696,108.922177",星程酒店(西安北客站行政中心店),4.7,['电话：029-81619555/15339087756'],高档型
碑林区环城南路68号（阳光丽都大剧院东100米，西安碑林博物馆对面）,5732706,"2015年装修 ,2014年开业 ","34.250717,108.958507",凯拉斐尔尚品酒店(南门店),4.3,['电话：029-82297777'],高档型
莲湖区大兴东路50号（近太奥广场、汉城湖景区）,177460793,"2018年装修 ,2018年开业 ","34.285811,108.898011",H酒店·西安太奥汉城湖店,5,['电话：029-86699000-0/18149212529'],高档型
碑林区西何家村18号（近二环路南段太白立交，西安电子科技大学北校区斜对面）,1048704,"2011年装修 ,2011年开业 ","34.235178,108.92547",西荷丰润大酒店,4.2,['电话：029-81332222/85360857'],高档型
雁塔区高新路51号尚中心大厦21层（3号线科技路地铁站c出口向南200米，高新一中斜对面）,40112295,"2015年装修 ,2015年开业 ","34.228319,108.903045",桔子精选西安高新路酒店,4.9,['电话：029-89289888'],高档型
雁塔区长安南路86号（澳城大厦旁，麦德龙超市西侧）,77027846,"2016年装修 ,2016年开业 ","34.194884,108.9433",亚都酒店(电视塔会展中心店),4.8,['电话：029-68850960'],高档型
莲湖区丰禾路太奥广场5号楼1单元,159262037,"2017年装修 ,2017年开业 ","34.282822,108.893103",国力O酒店,4.2,['电话：029-81320666'],高档型
雁塔区高新路60乙号（地铁三号线科技路站南200米）,1169547,"2012年装修 ,2012年开业 ","34.22876,108.902246",西安美道酒店,4.7,['电话：029-87379999-8066'],高档型
雁塔区沣惠南路34号（与科技六路中段交汇处）,4894482,"2013年装修 ,2013年开业 ","34.2127,108.88509",西安海升酒店,4.5,['电话：029-83266666'],高档型
未央区凤城七路与文景路交汇处西150米路北教育科研大厦（近汉神购物广场、地铁四号线文景路站C出口）,159871605,"2017年装修 ,2017年开业 ","34.337785,108.935388",星程酒店(西安市政府店),4.6,['电话：029-86556699'],高档型
莲湖区大兴东路6号（老城根商业广场西100米）,194800188,"2019年装修 ,2019年开业 ","34.286106,108.914606",宜必思·尚品酒店(大兴新区老城根店),4.8,['电话：029-83213666-0/13991323270'],高档型
雁塔区科技五路3号（高新路与科技五路交叉口橡树星座C座一楼）,5146753,"2014年装修 ,2011年开业 ","34.216746,108.892694",星程酒店(西安高新区店),4.5,['电话：029-81338888'],高档型
新城区长乐中路240号（地铁1号线通化门向东100米）,41158445,"2015年装修 ,2015年开业 ","34.269263,108.997523",西安柠檬酒店(金花店),4.8,['电话：029-89587777/89539282'],高档型
长安区西长安街GOGO街区一号楼（政法学院北侧）,152782091,"2017年装修 ,2017年开业 ","34.157553,108.911451",希岸酒店(西安大学城店),5,['电话：029-89055488'],高档型
未央区凤城十路世茂都17号楼（近地铁2号线城市运动公园站A口）,179344895,"2018年装修 ,2018年开业 ","34.352943,108.943977",凯里亚德酒店(西安高铁北客站店),5,['电话：029-68757888'],高档型
未央区朱宏路888号（鸵鸟王大厦向北50米路东）,4911939,"2014年装修 ,2013年开业 ","34.294141,108.922955",威尔佳酒店,4.8,['电话：029-86450099/86450088'],高档型
长安区高新区西部大道23号（创业大道与西部大道交汇处，阳光天地西100米路南）,163227079,"2017年装修 ,2017年开业 ","34.171128,108.863902",维也纳酒店(西安西部大道店),4.8,['电话：029-65605666'],高档型
未央区文景路18号（龙首原地铁站向西500米）,664927,"2012年装修 ,2007年开业 ","34.297381,108.938572",西安延长石油时代大酒店,4.3,['电话：029-86281111'],四星级
莲湖区北大街88号（钟楼北500米路西，近地铁1、2号线北大街站B口）,67895,"2012年装修 ,2010年开业 ","34.266674,108.946722",西安世纪山水酒店,3.9,['电话：029-87373388'],高档型
雁塔区锦业路与丈八三路交叉口绿地中央广场七克拉晶座大厦内,96755959,"2014年装修 ,2018年开业 ","34.19446,108.877666",七克拉公寓酒店,4.5,['电话：029-68205566/13669138050'],高档型
未央区凤城五路与明光路交汇处西北角（近西安中学、凤城五路地铁口）,79035105,"2017年装修 ,2017年开业 ","34.330119,108.927958",卡帝亚酒店,4.8,['电话：029-62659999/13636708777'],高档型
新城区东新街258号皇城大厦（新城广场省政府对面，近地铁2号线钟楼站）,3280423,"2014年装修 ,2005年开业 ","34.263579,108.955721",西安皇城海航酒店,4,['电话：029-87482888'],高档型
未央区北二环西段31号（近文景路、城北客运站）,4304699,"2015年装修 ,2015年开业 ","34.310514,108.932757",君临温泉大酒店,4.3,['电话：029-86213111'],高档型
未央区未央大道与凤城二路十字东北角天地时代广场5楼（市图书馆地铁站D口旁）,64028337,"2014年装修 ,2014年开业 ","34.318995,108.94793",悦庭酒店(市图书馆店),4.6,['电话：029-88886600'],高档型
新城区通化门十字长乐西路41号长乐大厦10楼（近东二环路，通化门地铁站楼上）,66516653,"2015年装修 ,2015年开业 ","34.269815,108.994062",斯维登度假公寓(西安通化门地铁站店),4.5,['电话：029-81033366'],高档型
新城区解放路53号（解放路与东6路交汇处，1号/4号地铁线五路口站D出口向北100米）,1511559,"2016年装修 ,2014年开业 ","34.27207,108.963344",维也纳酒店(西安火车站万达广场店),5,['电话：029-87385888'],高档型
雁塔区高新区科技路50号金桥国际广场B座（距地铁三号线延平门地铁站200米、 高新四路与科技路交汇处）,668662,"2019年装修 ,2009年开业 ","34.235256,108.892555",西安海神威士酒店(高新开发区店),4.6,['电话：029-88712255/88712266/13629245169'],高档型
未央区凤城十一路世融嘉境1号楼1单元1楼（地铁2号线运动公园A口向西150米）,193945930,"2019年装修 ,2019年开业 ","34.355058,108.943686",汉庭优佳(西安火车北站行政中心店),4.8,['电话：029-87593119'],高档型
未央区凤城七路华天大厦（近地铁4号线文景路站C口、2号线行政中心站B3口）,192238001,"2018年装修 ,2019年开业 ","34.337084,108.940284",如家精选酒店(西安行政中心高铁北客站店),4.7,['电话：029-68217666-9'],高档型
碑林区钟楼南大街西木头市51号（近竹笆市）,665023,"2014年装修 ,2007年开业 ","34.256237,108.943742",联邦中航商务酒店,4,['电话：029-87638888'],高档型
新城区解放路103号（解放路与东二路交汇处，民生大楼南侧）,81608691,"2015年装修 ,2015年开业 ","34.266019,108.964309",新城民生国际酒店,4.4,['电话：029-87402018'],高档型
未央区北二环东段366号粮食大厦（近4号线大明宫北站，辛家庙井上村对面）,177749608,"2018年装修 ,2018年开业 ","34.309247,108.983794",青柚假日酒店,4.6,['电话：029-88853682'],高档型
未央区经济技术开发区凤城三路198号,674072,"2018年装修 ,2008年开业 ","34.321866,108.956784",西安唐朝酒店(西安行政中心店),3.9,['电话：029-86193330/86193331'],高档型
未央区凤城九路与文景路交汇口西北角中央领郡A4号楼9F（近西安市政府、西安北客站高铁站）,4454318,"2015年装修 ,2014年开业 ","34.347633,108.93597",西安市政府和颐酒店,4.4,['电话：029-89616611'],高档型
未央区太华南路大明宫钻石店C1座,52317974,"2015年装修 ,2015年开业 ","34.30714,108.973425",铭帝酒店(西安北二环大明宫万达店),4.8,['电话：029-89365888'],高档型
未央区凤城二路凤苑路6号（近地铁2号线市图书馆站D口，距4号线余家寨站A口500米）,1506973,"2015年装修 ,2011年开业 ","34.319573,108.957473",西安君苑酒店,4.8,['电话：029-86111555'],高档型
雁塔区雁南一路1号（大唐芙蓉园西门斜对面，大同芙蓉园地铁口附近）,6002276,"2015年装修 ,2008年开业 ","34.210664,108.968821",芙蓉坊酒店(大唐芙蓉园店),4,['电话：029-83068888/85573115'],高档型
碑林区环城东路南段9号（东门南500米，近交通大学）,664978,"2010年装修 ,2010年开业 ","34.25313,108.97303",高速神州酒店,4.4,['电话：029-83381999'],四星级
新城区炭市街3号华威大厦南楼一层（近西一路）,71102663,"2015年装修 ,2015年开业 ","34.261524,108.956196",华威国际酒店,4,['电话：029-87369090'],高档型
莲湖区丰登南路9号（与丰庆路交叉十字东南角，丰庆公园北门西200米路南）,4132738,"2014年装修 ,2014年开业 ","34.251544,108.895422",怡景花园酒店,4.8,['电话：029-88613358'],高档型
未央区凤城七路与文景路交汇处西200米长和国际A座（近地铁4号线文景路站C出口、北客站）,150567473,"2017年装修 ,2017年开业 ","34.337657,108.932401",H酒店·西安凤城七路市政府水晶店,5,['电话：029-68811166/86111586'],高档型
莲湖区西二环南段281号,664939,"2004年装修 ,2004年开业 ","34.265523,108.890738",天翼新商务酒店,4.6,['电话：029-84680028/84680000'],四星级
莲湖区西二环南段12号,664931,"2014年装修 ,2007年开业 ","34.255679,108.889045",天佑国际酒店,4.6,['电话：029-87918888'],高档型
雁塔区唐兴路21号（唐兴路与丈八北路交汇处东北角）,6846502,"2014年装修 ,2014年开业 ","34.232898,108.873412",中江之旅.中江酒店,4.7,['电话：029-89587566/89587588'],高档型
碑林区环城南路与文艺北路十字西南角（文昌门外，地铁2号线永宁门站D2出口东行500米）,682774,"2015年装修 ,2010年开业 ","34.250543,108.953044",富海明都酒店(钟鼓楼明城墙南门店),4.9,['电话：029-88662222/81545686/81545753'],高档型
雁塔区雁塔西路大唐通易坊29号,98791561,"2016年装修 ,2016年开业 ","34.21841,108.958042",如家精选酒店(西安大雁塔大唐不夜城店),4.6,['电话：029-85369988'],高档型
碑林区东大街392号（民生百货东侧，钟楼东300米）,70369644,"2017年装修 ,2017年开业 ","34.25874,108.952951",西安新西北酒店(钟楼店),4.3,['电话：029-87605111/87605222'],高档型
碑林区雁塔路中段1号（赛格电脑城对面）,4943712,"2013年装修 ,2013年开业 ","34.232024,108.96413",西安大雁塔亚朵酒店,4.8,['电话：029-85551555'],高档型
莲湖区莲湖路2号（北大街十字西南角，近地铁1、2号线北大街B出口）,6072375,"2013年装修 ,2013年开业 ","34.26955,108.94599",西安途悦酒店,4.9,['电话：029-87409966'],高档型
新城区西五路100号（与北大街交汇处，近地铁1、2号线北大街站C出口）,86496,"2016年装修 ,2011年开业 ","34.269589,108.949853",西安惠源锦江国际酒店,4.8,['电话：029-87396666'],高档型
碑林区南门外南关正街89号（近南大街永宁门地铁站）,2386920,"2012年装修 ,2012年开业 ","34.245796,108.947926",西安柠檬酒店(南门店),4.8,['电话：029-87878888'],高档型
碑林区太乙路255号（城墙东南角向南100米路东，西安交通大学附近）,96721625,"2016年装修 ,2016年开业 ","34.248659,108.972592",西安华榕国际酒店,4.5,['电话：029-82695666'],高档型
新城区解放路306号（火车站向南300米，地铁1号线五路口西北角）,664983,"2013年装修 ,1995年开业 ","34.271114,108.962241",西安陇海大酒店,4.3,['电话：029-87402315/87402329/87416090'],高档型
碑林区东木头市176号（钟楼南500米，骡马市南200米）,1079017,"2016年装修 ,2012年开业 ","34.255737,108.949181",秦唐一号酒店,4.8,['电话：029-88860222-400/88860222-401/88860222-402'],高档型
碑林区南大街8号,87626775,"2016年装修 ,2016年开业 ","34.256477,108.947331",如家精选酒店(西安钟楼店),4.5,['电话：029-87373939-9'],高档型
雁塔区朱雀大街393号（近小寨西路）,664924,"2013年装修 ,1992年开业 ","34.223499,108.93975",东方大酒店,4,['电话：029-87654321'],四星级
碑林区东大街69号（临近永兴坊，长乐门城墙景区）,6377006,"2013年装修 ,2014年开业 ","34.259782,108.967436",美伦欣美酒店,4.5,['电话：029-88771111'],高档型
雁塔区电子正街与雁环中路交汇处向东400米（雁环中路派出所对面）,150096597,"2017年装修 ,2017年开业 ","34.182944,108.925612",维也纳酒店(西安电子城东仪路店),5,['电话：029-88851598'],高档型
莲湖区沣镐东路1号（空工大西侧）,4607215,"2013年装修 ,2013年开业 ","34.259661,108.903632",全季酒店(西安西稍门店),4.8,['电话：029-84380000'],高档型
新城区西五路85号（革命公园向西200米，北大街向东350米）,42494874,"2016年装修 ,2018年开业 ","34.270197,108.956201",西安雅夫酒店,4.9,['电话：029-88132555'],高档型
碑林区骡马市步行街46号（近钟楼地铁站C出口，距兴正元广场20米）,182026952,"2018年装修 ,2018年开业 ","34.258061,108.949464",麗枫酒店(西安钟楼店),5,['电话：029-81100999/15877395851/17802930059'],高档型
雁塔区长安中路华旗国际广场B座1723,181452793,"2018年装修 ,2018年开业 ","34.221925,108.947709",西安五鹊精品公寓,5,['电话：029-85226407/18092053703/13892840506'],高档型
雁塔区唐延路35号旺座现代城A座（近科技五路）,1550883,"2016年装修 ,2012年开业 ","34.216212,108.890061",西安高新区和颐酒店,4.5,['电话：029-88861818'],高档型
雁塔区沣惠南路36号橡树街区C座（近科技六路）,1489266,"2011年装修 ,2011年开业 ","34.211297,108.886191",百事特威酒店(西安高新店),4.5,['电话：029-85761111/87924766'],高档型
雁塔区丈八一路3号旺都大厦C座5楼（丈八一路与锦业路交叉口东北角）,182127531,"2018年装修 ,2018年开业 ","34.195716,108.885208",桔子精选西安高新区锦业路酒店,4.8,['电话：029-81126123'],高档型
灞桥区纺西路238号半坡国际艺术区内,40722426,"2015年装修 ,2015年开业 ","34.270171,109.057068",春秋舍设计师酒店,4.6,['电话：029-83336888'],高档型
新城区西五路100号,165575947,"2017年装修 ,2011年开业 ","34.269664,108.949644",星程酒店(西安钟楼北大街店),4.5,['电话：029-87396666'],高档型
雁塔区锦业路125号半导体产业园205号楼1单元,154113214,"2017年装修 ,2017年开业 ","34.197948,108.845642",全季酒店(高新区锦业路店),4.6,['电话：029-81121888'],高档型
雁塔区昆明路128号,1467766,"2012年装修 ,2012年开业 ","34.252056,108.87679",西安昆明花园酒店,4.3,['电话：029-84287777'],高档型
碑林区竹笆市116号,195843259,"2019年装修 ,2019年开业 ","34.257082,108.943174",如家商旅酒店(西安回民街钟鼓楼广场店),4.9,['电话：029-87230088'],高档型
莲湖区丰庆路39号御溪望城4号楼（近西北大学）,185830051,"2018年装修 ,2018年开业 ","34.251433,108.919693",宜尚酒店(西安明城墙南门店),4.8,['电话：029-65662111'],高档型
未央区凤城八路西北国金中心创业大街18号楼（近汉神百货、地铁四号线文景路站B出口）,195143806,"2019年装修 ,2019年开业 ","34.339534,108.936014",西安八水云栖酒店,,['电话：029-89820298/029-89820300'],高档型
新城区东新街240号（省政府南门斜对面，建行旁）,6212203,"2014年装修 ,2014年开业 ","34.263751,108.958473",全季酒店(西安钟楼省政府店),4.8,['电话：029-87388777'],高档型
莲湖区杏园路196号丰和坊12-2号楼1楼,193854705,"2019年装修 ,2019年开业 ","34.285731,108.897297",西安大兴新区太奥亚朵酒店,4.9,['电话：029-85725588'],高档型
碑林区环城南路西段100号御城1幢1单元10104室,191389769,"2018年装修 ,2019年开业 ","34.250539,108.936269",喆·啡酒店(西安南门明城墙小南门店),4.5,['电话：029-85250470/85250471'],高档型
雁塔区唐延南路1号永阳商业街6号楼（近绿地笔克会展中心、都市之门）,158952928,"2016年装修 ,2017年开业 ","34.197815,108.892742",柠檬泊曼酒店(西安高新店),4.8,['电话：029-83335333/18629560521'],高档型
长安区西长安街989号国色天香C座（陕师大对面）,91389900,"2016年装修 ,2016年开业 ","34.15812,108.892379",喆·啡酒店(西安西长安街大学城店),4.9,['电话：029-62399666'],高档型
新城区红十字会巷62号（近钟楼地铁站、东大街与端履门交叉口）,52090368,"2015年装修 ,2016年开业 ","34.260433,108.956181",如家精选酒店(钟楼东大街群光广场店),4.7,['电话：029-87386611'],高档型
雁塔区科技一路58号唐延公馆一层,5472476,"2016年装修 ,2014年开业 ","34.228543,108.891035",全季酒店(西安高新区店),4.7,['电话：029-88829090'],高档型
莲湖区未央路1-3宫园美誉（近龙首原地铁站C口）,182087050,"2018年装修 ,2018年开业 ","34.286951,108.947454",英卓未来公寓智能酒店(西安明城墙龙首原地铁站店),5,['电话：13572448337'],高档型
未央区凤城一路27号（近文景路）,70436097,"2016年装修 ,2016年开业 ","34.31391,108.934766",西安经开市图书馆地铁站亚朵酒店,4.3,['电话：029-81311999'],高档型
莲湖区莲湖路202号,6971671,"2009年装修 ,2009年开业 ","34.269277,108.927817",君诚国际酒店,4.4,['电话：029-86398888'],高档型
未央区太华北路与永敏路交汇西50米路北（近四海唐人街，距地铁4号线余家寨A口300米）,158804818,"2019年装修 ,2017年开业 ","34.319459,108.970639",四海忆家酒店,4.6,['电话：'],高档型
莲湖区大兴东路45号（近龙湖星悦荟购物广场、老城根Gpark商业街）,4449804,"2014年装修 ,2014年开业 ","34.28674,108.909591",天朗锦城艺术酒店,4.7,['电话：029-81620099'],高档型
雁塔区太白南路绕城高速入口旁（西万路口华润万家旁）,6799561,"2014年装修 ,2014年开业 ","34.200174,108.896415",永阳坊艺术酒店(高新管委会店),4.8,['电话：029-88107888-0'],高档型
莲湖区北大街388号（近钟楼地铁站，北大街地铁站A1出口北300米路西）,665019,"2012年装修 ,2005年开业 ","34.273953,108.946698",西安锦苑富润大饭店,4.4,['电话：029-87325113/87325102/87325103/87336666'],高档型
雁塔区锦业一路56号研祥城市广场,79250473,"2016年装修 ,2016年开业 ","34.191018,108.871565",如家精选酒店(西安高新区笔克会展中心锦业一路店),4.9,['电话：029-81028899'],高档型
雁塔区长安南路493号航天大厦,108967061,"2016年装修 ,2016年开业 ","34.210919,108.946963",西安艾豪森酒店(小寨南店),5,['电话：029-89328666'],高档型
雁塔区朱雀大街250号（近子午路十字）,668866,"2015年装修 ,2009年开业 ","34.224802,108.938857",美豪酒店(西安朱雀店)(原蜗客尚品酒店),4.9,['电话：029-62630000/85352001/85352002/85352003'],高档型
雁塔区长安南路101号金品国际大厦2单元22楼（近会展中心、电视塔）,156852232,"2016年装修 ,2017年开业 ","34.191879,108.948373",TOWO上品酒店(西安会展中心店),5,['电话：029-68888806'],高档型
雁塔区朱雀大街南段与长安西路交汇处西南角（距地铁曲江国际会展中心站1000米）,175258446,"2017年装修 ,2018年开业 ","34.190984,108.938572",银朵国际酒店,5,['电话：029-89309988'],高档型
新城区北大街199号（距北大街地铁站东北口D口600米）,3258912,"2010年装修 ,2010年开业 ","34.274002,108.948016",西安华山国际酒店,4.7,['电话：029-62682222'],四星级
新城区兴庆北路219号（西京医院对面路东50米）,95676866,"2014年装修 ,2007年开业 ","34.267881,108.988575",西安海景国际酒店,4.1,['电话：029-88130000'],高档型
莲湖区劳动南路8号（近大唐西市、西工大）,1521132,"2012年装修 ,1992年开业 ","34.242595,108.909633",西安骊苑大酒店,4.3,['电话：029-84263388'],四星级
雁塔区长安南路长丰园小区15栋B座（近会展中心、电视塔）,181427772,"2018年装修 ,2015年开业 ","34.191837,108.944046",雅缦智选酒店(西安曲江大雁塔会展中心店),5,['电话：029-88338555'],高档型
雁塔区科技二路与沣惠南路十字西南角泰华金贸国际7号楼,159524027,"2017年装修 ,2017年开业 ","34.224524,108.886254",西安高新逸华国际酒店,4.8,['电话：029-88662112'],高档型
未央区武德路陕西科技大学南500米（近西安北站，大明宫建材市场）,175497668,"2018年装修 ,2018年开业 ","34.374688,108.980834",翔龙大酒店,4.8,['电话：029-68298666/85271626/85271618'],高档型
雁塔区高新区锦业一路56号研祥城市广场B座,95496185,"2016年装修 ,2016年开业 ","34.190593,108.871343",西安维拉酒店,4.8,['电话：029-81028999'],高档型
长安区沣峪口11号,674273,"2012年装修 ,2005年开业 ","34.039506,108.818543",高科度假大酒店,4.2,['电话：029-85675999'],高档型
未央区凤城八路西北国金中心22幢（近地铁4号线文景路站B出口）,191493214,"2019年装修 ,2019年开业 ","34.339124,108.936012",西安行政中心高铁站亚朵酒店,4.9,['电话：029-68058666'],高档型
未央区天台路南段A15号（天台大酒店正对面）,80885884,"2012年装修 ,2012年开业 ","34.266171,108.83044",大秦温泉酒店,4.6,['电话：029-89100590/84521000'],高档型
碑林区兴庆南路1号 ，近雁翔路,665021,"2013年装修 ,2001年开业 ","34.241466,108.98903",西安交大南洋大酒店,4.3,['电话：029-87665566/87665866/87665844'],高档型
雁塔区大雁塔北广场慈恩西路2089号（近音乐喷泉）,2584712,"2014年装修 ,2013年开业 ","34.221936,108.962402",西安大雁塔和颐酒店,4.6,['电话：029-88889911'],高档型
未央区未央路140号（徐记海鲜旁，近凤城五路地铁站）,664937,"2014年装修 ,2016年开业 ","34.32496,108.946206",西安名都国际酒店,4.7,['电话：029-86598111'],高档型
雁塔区锦业路36号（锦业路和丈八三路交叉口西南角）,52164954,"2015年装修 ,2015年开业 ","34.193204,108.874599",西安高新智选假日酒店,4.6,['电话：029-81775500'],高档型
雁塔区锦业路5号（近绿地笔克国际会展中心）,669253,"2009年装修 ,2009年开业 ","34.194622,108.883837",西安绿地假日酒店,4.2,['电话：029-68689999'],高档型
新城区北大街79号（近西华门大街）,19162,"2011年装修 ,2011年开业 ","34.265601,108.947682",西安华美达兆瑞酒店,4.7,['电话：029-87283999'],高档型
雁塔区高新区科技一路58号,90158962,"2016年装修 ,2016年开业 ","34.228529,108.89112",西安高新唐延路亚朵酒店,4.7,['电话：029-65668866/18682949113'],高档型
雁塔区锦业一路52号宝德云谷国际B座,184273698,"2018年装修 ,2018年开业 ","34.190156,108.873978",西安高新锦业路亚朵酒店,4.8,['电话：029-88788999-0'],高档型
碑林区和平路10号（地铁四号线和平门站A出口北200米，大差市站C口南600米）,4157154,"2015年装修 ,2014年开业 ","34.253516,108.962874",和平门精品酒店,4.7,['电话：029-81325555'],高档型
长安区西部大道1号（位于西部大道与西万路十字西北角，近西沣路）,6450740,"2012年装修 ,2012年开业 ","34.172249,108.87832",长征国际酒店,4.6,['电话：029-89188918'],四星级
临潼区凤凰大道6号（临潼区凤凰大道6号北京大学院内）,4928810,"2014年装修 ,2014年开业 ","34.361775,109.175333",雅致东方酒店,4.5,['电话：029-81372222'],高档型
雁塔区芙蓉西路中段106号路东 ，近大雁塔,6424510,"2014年装修 ,2014年开业 ","34.221452,108.970252",西安大唐芙蓉园亚朵酒店,4.7,['电话：029-88881010'],高档型
雁塔区锦业路72号卫星大厦西侧,164059115,"2017年装修 ,2017年开业 ","34.193434,108.860765",美豪丽致酒店(西安锦业路店),4.8,['电话：029-81885888'],高档型
新城区东大街619号（钟楼邮局楼上，近地铁2号线C出口处）,193609761,"2019年装修 ,2019年开业 ","34.260229,108.9479",西安森德酒店,4.8,['电话：029-87215088/87215288'],高档型
未央区未央路199号（地铁2号线行政中心站D3出口外50米，近凤城九路）,50693362,"2015年装修 ,2015年开业 ","34.344579,108.948566",美豪酒店(西安行政中心高铁北客站旗舰店),4.8,['电话：029-68520888'],高档型
碑林区环城南路东段331号（近文艺北路）,2536476,"2013年装修 ,2014年开业 ","34.250487,108.950854",西安南门亚朵S酒店,4.8,['电话：029-87878555'],高档型
碑林区正学街8号,178867078,"2018年装修 ,2018年开业 ","34.257709,108.942167",康铂酒店(西安钟鼓楼店),4.7,['电话：029-87251818'],高档型
周至县楼观大道楼观台景区对面,3256021,"2012年装修 ,2015年开业 ","34.075691,108.329051",楼观印象酒店,4.8,['电话：029-65661234'],高档型
周至县西经路楼观台景区入口处百花珍兽园旁（近S107省道）,63775402,"2012年装修 ,2012年开业 ","34.062879,108.326781",楼观道温泉酒店,4.5,['电话：029-68071111'],高档型
雁塔区南二环东段398号秦电国际大厦（长安大学马路对面 ，近翠华路）,81680216,"2015年装修 ,2015年开业 ","34.229414,108.957481",西安大雁塔假日酒店,4.6,['电话：029-88668877'],高档型
雁塔区高新四路14号（科技路与高新四路交叉口南100米路西）,1153482,"2011年装修 ,2011年开业 ","34.233705,108.894694",左右客酒店(西安高新店),4.6,['电话：029-88861678'],高档型
莲湖区北大街宏府嘉会广场C座1楼（新时代广场对面，钟楼地铁A出口向北100米）,112139862,"2017年装修 ,2017年开业 ","34.263019,108.946732",H酒店·西安钟楼地铁站水晶店,5,['电话：029-87216888/17702917251'],高档型
雁塔区曲江路201号（西影路与曲江路交叉口东南角，地铁三号线北池头站C出口向南100米）,676441,"2016年装修 ,2009年开业 ","34.222641,108.978199",芙蓉商务酒店(西安曲江大雁塔小寨店),4.6,['电话：029-88109999/68675270'],高档型
碑林区南广济街36号 （近粉巷，地铁2号线钟楼站C出口南大街西口）,150634759,"2018年装修 ,2018年开业 ","34.254044,108.938713",菲林酒店(西安钟楼旗舰店),4.9,['电话：029-87380000'],高档型
新城区东大街589号唐城大厦（地铁二号线钟楼站C口向东50米，近骡马市）,157339591,"2017年装修 ,2017年开业 ","34.259862,108.950795",美豪酒店(西安钟楼东大街店),4.8,['电话：029-68076888'],高档型
碑林区南苑门竹笆市7号,109981792,"2017年装修 ,2017年开业 ","34.256254,108.943193",美豪丽致酒店(西安鼓楼店),4.8,['电话：029-65653333'],高档型
新城区南新街30号（新城广场西南角）,664928,"2012年装修 ,2004年开业 ","34.262873,108.953784",奥罗国际大酒店,4.7,['电话：029-87672771/87672780/87672888'],四星级
莲湖区西大街126号美华金唐国际酒店内（近北广济街，钟楼西100米）,42465974,"2007年装修 ,2007年开业 ","34.259933,108.940609",美丽豪酒店(西安钟鼓楼店),4.5,['电话：029-87616666/65651111'],四星级
新城区尚俭路160号（近东新街）,161815095,"2017年装修 ,2017年开业 ","34.263382,108.96484",美豪丽致酒店(西安民乐园店),4.9,['电话：029-88669888'],高档型
碑林区兴庆路159号 （近东二环）,2450259,"2011年装修 ,2011年开业 ","34.248449,108.988477",西安馨乐庭兴庆宫服务公寓,4.8,['电话：029-83380588'],高档型
莲湖区北大街88号假日国际公寓1层（地铁2号线钟楼站A出口向北300米）,1418130,"2017年装修 ,2011年开业 ","34.26643,108.946585",西安钟楼凯迪斯曼酒店,4.3,['电话：029-87403333'],高档型
雁塔区翠华南路982号（翠华南路与雁展路交汇处南200米）,6596899,"2013年装修 ,2013年开业 ","34.195874,108.956055",西安曲江银座酒店,4.5,['电话：029-65690000/65697555'],高档型
新城区东新街319号（近省政府，新城广场东侧）,6454013,"2004年装修 ,2005年开业 ","34.264543,108.958957",西安美居人民大厦,4.5,['电话：029-87928888'],高档型
雁塔区长安南路长丰国际广场86号A座,42000782,"2015年装修 ,2015年开业 ","34.192848,108.945542",美丽豪酒店(西安曲江大雁塔会展中心店),4.7,['电话：029-85350000-8001'],高档型
莲湖区南二环西段9号,87483275,"2015年装修 ,2014年开业 ","34.2428,108.90323",桃源假日酒店,4.6,['电话：029-62220222'],高档型
雁塔区高新四路高新九号广场北侧19楼（西大新区公交站对面，近唐延路）,92701780,"2016年装修 ,2016年开业 ","34.240087,108.898944",美豪丽致酒店(西安高新店),4.8,['电话：029-63356789'],高档型
雁塔区雁塔西路6号VI生活汇,189771889,"2018年装修 ,2018年开业 ","34.217913,108.955032",绽白艺术酒店,4.9,['电话：029-85368989'],高档型
高陵区泾渭工业园泾渭路中段28号（陕汽对面，泾渭路与中钢大道交汇处北侧）,2459757,"2015年装修 ,2015年开业 ","34.479585,109.002261",泾渭国际酒店,4.7,['电话：029-86965888'],高档型
未央区明光路长和国际D座7层711室,164595291,"2018年装修 ,2018年开业 ","34.338875,108.930084",铂菲朗致美酒店,4.8,['电话：029-68667666'],高档型
雁塔区翠华路188号,177718999,"2018年装修 ,2018年开业 ","34.217796,108.956181",康铂酒店(西安大雁塔店),4.8,['电话：029-62963588'],高档型
未央区未央路151号兴隆园小区旁（近凤城四路，近凤城五路地铁站）,674012,"2012年装修 ,2012年开业 ","34.32676,108.94979",长庆宾馆,4.7,['电话：029-86594000'],四星级
长安区东大镇温泉度假区（近迪比斯水上世界，西工大新校区）,40285884,"2014年装修 ,1993年开业 ","34.048538,108.780877",西部机场集团南山温泉酒店,4.7,['电话：029-62580600/62580688'],高档型
未央区凤城二路蓝海风中心37号,102480596,"2017年装修 ,2018年开业 ","34.318051,108.933923",西安蓝海风万怡酒店,4.7,['电话：029-81128899'],豪华型
阎良区凌云路1号（中国飞行试验研究院对面）,6277026,"2013年装修 ,2013年开业 ","34.655025,109.232482",中飞格兰云天大酒店,4.8,['电话：029-86836301'],高档型
蓝田县汤峪镇天潭大道休闲会所旁,1496539,"2011年装修 ,2011年开业 ","34.017597,109.229346",汤峪天潭温泉酒店,4.6,['电话：029-82836800/82836868'],高档型
碑林区湘子庙街18号,191378964,2019年开业 ,"34.252597,108.944877",西安钟楼南门CitiGO酒店,4.7,['电话：029-87366699'],高档型
临潼区秦唐大道6号,174385030,"2018年装修 ,2018年开业 ","34.371366,109.195041",摩登·爱琴海酒店式公寓,4.6,['电话：029-83856879/83855555'],豪华型
未央区昆明路石桥立交正北300米,40473667,"2015年装修 ,2015年开业 ","34.256588,108.841329",鑫桥国际酒店,4.4,['电话：029-89100777'],豪华型
雁塔区曲江池西路1666号（大唐芙蓉园南门东侧）,5074490,"2014年装修 ,2014年开业 ","34.20804,108.977311",西安盛美利亚酒店,4.4,['电话：029-68216666'],豪华型
新城区长乐西路8号（金花十字）,1419281,"2006年装修 ,1985年开业 ","34.268332,108.994813",西安金花大酒店,4.8,['电话：029-83232981'],豪华型
"雁塔区雁塔南路南段388号（省射击场斜对面,大唐不夜城开元广场南400米）",664810,"2010年装修 ,2003年开业 ","34.200018,108.963192",曲江惠宾苑宾馆,4.7,['电话：029-87663333'],豪华型
长安区南长安街78号（韦曲樊家十字西南角，地铁航天城向南）,40137888,"2015年装修 ,2014年开业 ","34.152685,108.945281",长安国际大酒店,4.4,['电话：029-85290999/63605333'],豪华型
灞桥区世博大道2011号（广运桥北侧，近灞河东路）,2466141,"2012年装修 ,2011年开业 ","34.324728,109.054337",灞柳驿酒店,4.4,['电话：029-86111116'],豪华型
碑林区环城南路西段18号（近永宁门地铁站）,4293012,"2003年装修 ,2003年开业 ","34.250008,108.943525",西安金花豪生国际大酒店,4.5,['电话：029-88181111'],豪华型
碑林区南大街中段113号（地铁2号线钟楼站C口出向南100米近钟楼）,164686328,"2018年装修 ,2018年开业 ","34.255845,108.94732",美豪酒店(西安钟楼南大街店),4.6,['电话：029-87987777'],豪华型
雁塔区长安中路108号（音乐学院北门东100米）,60264057,"2015年装修 ,2015年开业 ","34.229398,108.944861",西安爵乐府大酒店,4.8,['电话：029-88666666'],豪华型
碑林区金花北路35号（近互助路，西京医院附近）,165828567,"2018年装修 ,2018年开业 ","34.261276,108.996279",美豪丽致酒店(西安长乐公园店),4.8,['电话：029-89533888'],豪华型
碑林区环城南路西段12号（近南门广场）,668362,"2008年装修 ,1993年开业 ","34.248911,108.945364",君乐城堡酒店,4.2,['电话：029-87608888'],豪华型
莲湖区二环南路西段180号（近大润发超市）,4455531,"2011年装修 ,2012年开业 ","34.241056,108.902203",悦豪酒店,4.5,['电话：029-68553333'],豪华型
雁塔区团结南路11号,191364545,"2019年装修 ,2019年开业 ","34.230844,108.882935",西安中晶华邑酒店,4.8,['电话：029-88123456'],豪华型
雁塔区丈八北路1号（陕西宾馆19号楼）,150564203,"2017年装修 ,2017年开业 ","34.200668,108.880642",西安陕宾雀笙国际酒店,4.8,['电话：029-88769111/88769222'],豪华型
未央区二环北路西段汉城湖景区大风阁北侧50米,174947402,"2017年装修 ,2018年开业 ","34.299668,108.919397",汉乐府酒店,4.6,['电话：029-82312222'],豪华型
雁塔区西影路46号（近西影路与曲江路交汇处，地铁三号线北池头站D出口东150米路南）,2529458,"2013年装修 ,2013年开业 ","34.224313,108.980419",西安曲江国际饭店,5,['电话：029-68799999'],豪华型
雁塔区慈恩路66号（近大雁塔南广场）,2602348,"2012年装修 ,2012年开业 ","34.215154,108.962718",西安威斯汀大酒店,4.6,['电话：029-65686568'],五星级
雁塔区池东路333号,150567358,"2018年装修 ,2018年开业 ","34.196929,108.988191",西安W酒店,4.8,['电话：029-89669999'],豪华型
雁塔区雁南一路15号（近雁塔南路）,41919892,"2013年装修 ,2013年开业 ","34.212073,108.963322",欧凯罗精品文化国际酒店,4.6,['电话：029-85598888'],豪华型
雁塔区雁南四路98号（雁南四路与雁塔南路交叉口东南角）,68255945,"2013年装修 ,2013年开业 ","34.196395,108.965517",西安唐隆国际酒店,4.7,['电话：029-85586666'],豪华型
莲湖区西大街79号,93295011,2016年开业 ,"34.260118,108.941022",西安美豪丽致酒店(钟楼店),4.8,['电话：029-87616666'],豪华型
雁塔区曲江新区雁南五路1958号,52652303,"2015年装修 ,2015年开业 ","34.192814,108.954076",西安曲江华美达广场酒店,4.6,['电话：029-88137777'],豪华型
雁塔区曲江新区芙蓉西路99号大唐芙蓉园东门（近雁引路）,664972,"2005年装修 ,2005年开业 ","34.212257,108.978288",芳林苑酒店,4.7,['电话：029-85513888'],豪华型
新城区东新街319（紧邻省政府，近火车站）,95718126,"2016年装修 ,2014年开业 ","34.26547,108.95885",西安索菲特传奇酒店,4.7,['电话：029-87928888'],豪华型
莲湖区环城西路北段360号（近玉祥门）,41773554,"2016年装修 ,2008年开业 ","34.268442,108.921936",天朗时代大酒店,4.4,['电话：029-88626666'],豪华型
长安区航天经济技术开发区神舟三路239号（距离地铁四号线航天大道站A出口约500米）,5271959,"2015年装修 ,2015年开业 ","34.170948,108.96886",天宇菲尔德国际大酒店,4.8,['电话：029-89256666'],豪华型
莲湖区丰镐东路262号,674083,"2011年装修 ,1991年开业 ","34.258497,108.897567",西安喜来登大酒店,4.5,['电话：029-84261888'],豪华型
新城区东新街319号（省政府旁，近火车站）,95875275,"2004年装修 ,2004年开业 ","34.266288,108.95882",西安豪华美居人民大厦,4.7,['电话：029-87928888'],豪华型
未央区文景路凤城十二路一方中港国际B座,163537076,"2017年装修 ,2018年开业 ","34.362665,108.93847",西安高铁北站亚朵酒店,4.7,['电话：029-85592888'],豪华型
未央区欧亚大道6号,160571351,"2017年装修 ,2017年开业 ","34.33928,109.015561",艾美酒店,4.8,['电话：029-68798888'],豪华型
未央区开元路210号麟凤·尊汇C区,178018340,2018年开业 ,"34.335363,108.953409",诺世嘉顿酒店,4.9,['电话：029-86636666'],豪华型
临潼区华清路38号（骊山索道东侧，华清池景区后侧）,6752409,"2015年装修 ,2016年开业 ","34.363796,109.210343",西安华清御汤酒店,4.4,['电话：029-83999888/83999955'],豪华型
雁塔区锦业路12号,178814959,"2018年装修 ,2018年开业 ","34.192376,108.880666",西安君悦酒店,4.8,['电话：029-88111234'],豪华型
莲湖区桃园北路11号（加气站向北150米）,99533326,"2016年装修 ,2016年开业 ","34.274585,108.900876",OYO·金都泊客酒店,4.2,['电话：029-81772888'],经济型
莲湖区龙首村十字宫园壹号3号楼1单元7楼0704室（荣民龙首广场附近）,93932713,"2016年装修 ,2016年开业 ","34.292464,108.9494",四季公寓酒店(龙首原地铁站店),4.9,['电话：18966840183'],经济型
未央区凤城二路与先锋二路交叉口先锋花园,181427939,"2018年装修 ,2018年开业 ","34.315612,108.976891",夏沫时尚公寓(大明宫万达店),4.1,['电话：18629665060'],经济型
长安区凤林大道西北大学南门斜对面,161890130,"2017年装修 ,2010年开业 ","34.14092,108.873936",梦想家主题酒店,4.5,['电话：17795657981'],经济型
雁塔区长安南路282号（华东服饰广场北侧，唐皇商港商业步行街旁美食街内）,5712707,"2015年装修 ,2013年开业 ","34.20386,108.94501",百嘉商务宾馆,4.1,['电话：029-85269563'],经济型
未央区辛家庙街道广安路安诚御花苑B区10号楼2单元,192590788,"2019年装修 ,2019年开业 ","34.311309,109.001637",都市馨家公寓,4.8,['电话：13636803843/13772451026'],经济型
莲湖区西大街鑫隆汇美食广场后门四单元7楼（西门公交站旁、西安市儿童医院对面）,42242519,"2015年装修 ,2015年开业 ","34.259894,108.927217",西门格伦酒店(西安儿童医院店),4,['电话：18706852191/18700576851'],民宿
雁塔区长安中路100号文化大厦A座10楼10A户,185198655,"2018年装修 ,2018年开业 ","34.226276,108.946202",InDream太空舱青年旅舍,4.7,['电话：18740442030'],经济型
雁塔区朱雀大街与青松路交汇处东北角（近交大第一附属医院、大雁塔）,163571862,"2017年装修 ,2017年开业 ","34.212189,108.939374",白云商务酒店(交大医学院纬一街地铁口店),4.9,['电话：029-87875638/13259905538'],经济型
长安区常宁大街何家营新村（陕西学前师范学院东门斜对面，南邻培华学院）,106360714,"2016年装修 ,2016年开业 ","34.12778,108.939021",新概念连锁酒店(何家营店),4.6,['电话：029-81588939'],民宿
碑林区兴庆路107号（西京医院南150米兴庆雅居1单元607）,5082448,"2013年装修 ,2014年开业 ","34.266439,108.988812",豪庭连锁公寓酒店(西京医院店),4.6,['电话：18049550256'],经济型
未央区元朔路长乐东苑A区2号楼（西安北站南广场东300米）,115829206,"2016年装修 ,2018年开业 ","34.3744,108.950648",忆青春青年酒店,4.8,['电话：18991233403'],经济型
碑林区东木头市安居巷北口（老马寺南50米）,110291191,2010年开业 ,"34.255497,108.951154",祥和宾馆(钟楼东大街东木头市店),4.1,['电话：029-89623629'],经济型
碑林区柏树林53号（文昌门内，碑林博物馆对面）,164961995,"2017年装修 ,2017年开业 ","34.253094,108.954209",西安·柏林间旅舍,4.7,['电话：029-87396934/18149499482'],经济型
长安区引镇火车南站红绿灯十字路口南40米,114000901,"2016年装修 ,2016年开业 ","34.091699,109.100439",吉鑫源宾馆,4.5,['电话：029-89686871/17792976327'],经济型
临潼区万年路42号,179111534,"2018年装修 ,2018年开业 ","34.381553,109.227984",豪祥宾馆,4.4,['电话：13891966642'],经济型
莲湖区丰庆路48号（丰庆路小学东侧，迎宾广场西侧）,1512864,"2015年装修 ,2012年开业 ","34.250444,108.922365",7天连锁酒店(西安西北大学北门店),4.2,['电话：029-84582106'],经济型
新城区东五路87号,165769886,"2018年装修 ,2018年开业 ","34.27026,108.96578",轻住·格子时光酒店,4.3,['电话：029-89622191'],经济型
雁塔区丈八东路与朱雀大街交汇处西南角（地铁2号线会展中心站A2口西500米）,97333620,"2016年装修 ,2016年开业 ","34.197567,108.93861",派酒店(西安会展中心地铁站店),4.1,['电话：029-85460331'],经济型
未央区显庆路与111县道交汇处向北200米、丽舍春天小区北侧,105118095,"2016年装修 ,2016年开业 ","34.382971,108.971329",OYO·润泽商务酒店,4.5,['电话：029-86553158'],经济型
莲湖区丰禾路与星火路交汇处向南100米路西,191102707,"2019年装修 ,2019年开业 ","34.279705,108.921727",OYO·缘瑞商务宾馆,4.8,['电话：029-86459466/18192484602'],经济型
未央区建元路191号长乐东苑D区5B2501室（近西安北站）,162727641,"2017年装修 ,2018年开业 ","34.366891,108.949696",西安北站动感宾馆,4.8,['电话：029-89162871/15389042768'],经济型
莲湖区北关正街与自强西路交汇处西南角凤凰大厦B座1201室（安远门地铁站B出口南50米）,194635844,"2019年装修 ,2019年开业 ","34.279846,108.94627",遇见公寓酒店,4.8,['电话：13259948294'],经济型
雁塔区富鱼路81号外事学院北教学区综合楼1楼,193652967,"2019年装修 ,2019年开业 ","34.237605,108.862207",云栖酒店(外事学院店),4.9,['电话：029-89503666'],经济型
碑林区南二环东段1号晨阳盛世广场（近地铁2号线省体育场C出口、草场坡）,5333176,"2015年装修 ,2014年开业 ","34.230436,108.950515",汉庭(西安省体育场地铁站店),4.1,['电话：029-85456677-0'],经济型
碑林区建西街138号（建西街与永盛路交汇处西南角）,111688166,"2016年装修 ,2016年开业 ","34.245811,108.956656",长征左邻右舍酒店,4.1,['电话：029-89650200'],经济型
莲湖区西关正街233号林苑大厦（西稍门东200米路北）,6400262,"2014年装修 ,2014年开业 ","34.259569,108.91532",西安林海酒店,4,['电话：029-88778686'],经济型
雁塔区翠华北路118号（陕西历史博物馆北门东100米）,158946529,"2017年装修 ,2012年开业 ","34.225663,108.956335",骏怡连锁酒店(大雁塔小寨历史博物馆店),4.3,['电话：029-85355022'],经济型
雁塔区唐延路南段逸翠园i都会2号楼1单元1层10102室（中兴产业园对面）,40685092,"2016年装修 ,2016年开业 ","34.185434,108.885126",逸都精品酒店(西安绿地笔克会展中心店),4.6,['电话：029-88828057/88827562'],经济型
碑林区金花南路立丰国际公寓12层（咸宁路地铁站南200米）,1487434,"2016年装修 ,2010年开业 ","34.24854,108.997377",亚思登主题酒店(立丰国际店),4.1,['电话：029-82286968'],经济型
雁塔区雁塔西路189号（纬二街向西100米）,70015,"2012年装修 ,2008年开业 ","34.218503,108.944478",美好时光酒店,4,['电话：029-62800068/62800058'],经济型
雁塔区长安中路小寨十字东南角（金鹰国际华旗广场A座）,5986605,"2019年装修 ,2014年开业 ","34.221858,108.947578",星悦商务酒店(小寨大雁塔店),3.9,['电话：029-88666675'],经济型
新城区西五路28号（革命公园斜对面）,2463043,"2018年装修 ,2012年开业 ","34.269612,108.956881",如家酒店(西安西五路交大二附院五路口地铁站店),4.9,['电话：029-87362828'],经济型
雁塔区科技路209号新西蓝1期3号楼7层714房,165834909,"2018年装修 ,2018年开业 ","34.237464,108.891123",雅居连锁酒店(科技路店),4.2,['电话：029-63035133/18729589081'],经济型
雁塔区科技二路中段甘家寨东一排3号楼1单元（科技二路中段与白沙南路交界处，如家酒店大门正对面）,177672922,"2018年装修 ,2018年开业 ","34.219755,108.905355",I see you主题酒店,4.8,['电话：029-88892573'],经济型
新城区西五路79号（革命公园西100米，交大二附院向东500米。）,666595,"2017年装修 ,2013年开业 ","34.270255,108.956793",都市118连锁酒店(西安北大街交大二院店),4,['电话：029-87384088'],经济型
未央区凤城二路大明宫万达广场5号公寓20楼（凤城二路与太华路交汇处、距地铁四号线余家寨站C出口10米）,51102382,"2019年装修 ,2015年开业 ","34.316792,108.972525",雅居主题公寓酒店(大明宫万达店),4.4,['电话：18710611558'],经济型
未央区郑家寺84号（太华北路北三环辅道西100米）,100397020,"2016年装修 ,2016年开业 ","34.365135,108.979213",派酒店(西安北三环大明宫建材市场店),4.4,['电话：029-86475736/86475735/18629373938'],经济型
未央区未央路盛龙广场B区4单元6层608室,160801727,"2017年装修 ,2017年开业 ","34.298268,108.945801",七夕情侣主题酒店,4.6,['电话：13324535187'],经济型
碑林区朱雀大街北段与环城南路交叉十字路口向东30米（悦盛轩足浴旁）,152567497,"2016年装修 ,2018年开业 ","34.250627,108.939999",旺园商务宾馆,4.5,['电话：029-89328093/15152255551'],经济型
灞桥区毛纺路989号（地铁一号线长乐坡站D口向南300米）,41311349,"2015年装修 ,2014年开业 ","34.268389,109.031066",润佳连锁酒店(西安长乐东路长乐坡地铁站店),4.8,['电话：029-62523777/62523111/18991219722'],经济型
碑林区北沙坡路兰蒂斯城三期（近交大）,164546761,"2017年装修 ,2017年开业 ","34.245207,108.991536",Blue蓝先生自助服务公寓酒店(西安交大店),4.9,['电话：13259799639/13088969293'],经济型
碑林区体育馆南路18号南门国际公寓B座1208室,165604199,"2018年装修 ,2018年开业 ","34.245856,108.948496",爱尚南门国际公寓,4.9,['电话：17629083860/18991191228'],经济型
新城区新民街2号,42921090,"2017年装修 ,2014年开业 ","34.26487,108.949516",汉庭(西安钟楼回民街店),4,['电话：029-62782777'],经济型
新城区南新街南长巷4号,4767548,"2016年装修 ,2013年开业 ","34.262261,108.952424",西安脸谱青年旅舍(钟楼店),4.6,['电话：029-87211699/18991322565'],经济型
碑林区南门外振兴路南口36号（六中分校斜对面，阿口人民食堂向南200米）,2437746,"2013年装修 ,2013年开业 ","34.243829,108.943099",西安柏森商务酒店,4,['电话：029-85393662'],经济型
碑林区东大街菊花园42号,42552731,"2014年装修 ,2016年开业 ","34.257458,108.956911",尚客优快捷酒店(西安钟楼店),4.5,['电话：029-87517081'],经济型
雁塔区长安南路170号象牙宫寓4层（陕师大雁塔校区正对面，会展中心地铁站A2口北200米与天坛西路交汇处）,90018447,"2016年装修 ,2016年开业 ","34.201985,108.945757",罗曼蒂克主题酒店(会展中心店),4.4,['电话：029-88380302'],经济型
雁塔区长安南路170号象牙宫寓1单元号楼1单元0719,94722389,"2016年装修 ,2016年开业 ","34.201737,108.945757",德威林公寓,4.5,['电话：13259833505'],民宿
新城区西六路15号（近火车站）,157120517,"2017年装修 ,2017年开业 ","34.272064,108.960906",中至信商务酒店(西安火车站店),4.5,['电话：029-82130361'],经济型
碑林区兴庆路兰蒂斯城三期,157210020,"2017年装修 ,2017年开业 ","34.245357,108.991179",西安云尚酒店公寓,4.9,['电话：15829887958'],民宿
雁塔区含光路南段与二环南路西段交汇处西南角新丽佳大厦7楼（女子医院对面，近机场大巴）,164933449,"2017年装修 ,2018年开业 ","34.228635,108.931566",宓丽精品公寓酒店,4.4,['电话：029-88850890'],经济型
新城区长乐西路丹尼尔西窑坊28号楼（西京医院东300米路南，海翔眼科医院西门南50米）,4513288,"2018年装修 ,2018年开业 ","34.268112,108.991748",西京众森商务宾馆(西京医院店),4.1,['电话：029-83640765/18991816685/19991901681'],经济型
莲湖区龙首北路与未央路交叉口东南角荣民龙首广场荣民控股大楼14楼1408室（龙首原地铁站C口北20米）,154977910,"2018年装修 ,2016年开业 ","34.292151,108.947782",凤求凰情侣主题公寓酒店,4.5,['电话：15229252569'],经济型
雁塔区含光南路与电子一路交汇处永和新领地大厦一楼东北角,3299215,"2017年装修 ,2013年开业 ","34.21527,108.931313",西安臻联商务宾馆,4.4,['电话：029-88894648/18710774667'],经济型
碑林区兴庆路兴庆雅居2单元（西京医院对面路南100米）,52125571,"2016年装修 ,2016年开业 ","34.266557,108.988748",万豪精品旅馆(西京医院店),4.5,['电话：13119144751'],经济型
雁塔区西影路8号,160585886,"2017年装修 ,2011年开业 ","34.238631,109.013147",如家联盟华驿酒店(西安西影路店),4,['电话：029-87311188/15202999776'],经济型
雁塔区长安南路象牙宫寓1号楼2单元10层（吴家坟华东服饰广场，陕师大）,5593715,"2015年装修 ,2012年开业 ","34.201527,108.945522",梦之港公寓酒店(国展中心店),4.3,['电话：18829506873'],经济型
雁塔区东三爻堡新村长安南路中国石化加油站旁,159798677,"2017年装修 ,2017年开业 ","34.18096,108.947176",唯尚影咖主题宾馆,4.3,['电话：029-89836593/13384953326'],经济型
雁塔区丈八东路与电子正街十字西北角,6113966,"2013年装修 ,2015年开业 ","34.198653,108.918414",顺唯快捷酒店,4.2,['电话：029-89198618'],经济型
雁塔区长安南路农林壹号小区1号楼1单元301室（地铁会展中心站A2出口旁）,159671311,"2017年装修 ,2017年开业 ","34.199179,108.945452",旅途公寓酒店,4.5,['电话：029-85417768/15319969690'],经济型
莲湖区丰禾路9号（龙湖星悦荟老城根儿南800米）,165796036,"2018年装修 ,2018年开业 ","34.280949,108.917544",安然精品酒店(老城根龙湖星悦荟店),4.4,['电话：029-86358399'],经济型
未央区龙首北路与明光路十字向西100米路南,41971135,"2019年装修 ,2015年开业 ","34.29258,108.9289",燕巢商务酒店,4.6,['电话：029-86363346/18621950267'],经济型
长安区韦曲街道凤栖东路255号青海油田离退休基地院内（凤栖东路与航天西路交汇处）,165031631,"2017年装修 ,2017年开业 ","34.169437,108.954812",DUDO公寓酒店(西安航天总医院凤栖原地铁站店),4.5,['电话：029-62389268/18082612074/17792502054'],经济型
莲湖区龙首村龙首北路宫园壹号1号楼28层2807室,6362875,"2018年装修 ,2013年开业 ","34.291912,108.947873",爱游精品公寓酒店,4.7,['电话：15094095038'],经济型
莲湖区大皮院26号东院（回民街东口，莲湖区政府斜对面）,163222626,"2017年装修 ,2017年开业 ","34.264525,108.942662",启阳商务宾馆,4.7,['电话：029-87264801'],经济型
长安区长兴南路中段1号（延安大学创新学院旁）,4480402,"2014年装修 ,2014年开业 ","34.152593,108.935342",斯那屋酒店,4.3,['电话：029-89258888'],经济型
雁塔区高新区高新四路中段12号城市皇冠小区公寓楼9楼905室,2543597,"2017年装修 ,2010年开业 ","34.238369,108.896675",西安亨客公寓酒店,4.5,['电话：029-89281687/18829441058/15091890391'],经济型
未央区凤城二路与先锋二路交汇处西南角大明宫万达公寓14号公寓5楼514室（距4号线余家寨地铁站100米，近大明宫遗址公园）,92888367,"2016年装修 ,2016年开业 ","34.316706,108.975044",丫丫精品主题酒店(大明宫万达店),4.9,['电话：18391859866'],经济型
莲湖区西大街北广济街161号（北广济街与西羊市十字向南50米路东）,6598530,"2010年装修 ,2010年开业 ","34.26261,108.93907",月光宾馆,4.5,['电话：13571361137'],民宿
未央区太华北路大明宫万达广场5号公寓14层（近地铁4号线余家寨C出口中国银行东侧）,6569000,"2017年装修 ,2014年开业 ","34.3168,108.973099",伊诺公寓酒店,4.5,['电话：029-86564004/18066871216'],经济型
雁塔区朱雀大街南段86号（交大第一附属医院南600米）,182485742,"2018年装修 ,2018年开业 ","34.212189,108.938648",米乐酒店(小寨大雁塔店),4.5,['电话：029-85227177/17778978220'],经济型
未央区凤城十二路汇通太古城1期青都新界（北苑地铁站西南口B口旁）,108108955,"2016年装修 ,2016年开业 ","34.359068,108.944411",蒙奇奇主题公寓酒店,4.6,['电话：029-88745251/17392793206'],经济型
莲湖区莲湖路53号愉景华庭1幢1单元10301室（莲湖公园斜对面，北大街地铁站A2出口西300米北侧）,187188956,"2018年装修 ,2018年开业 ","34.270126,108.94186",OYO·恒8酒店,4.3,['电话：029-89626675/18092667167'],经济型
长安区韦曲西街2号（北长安街与韦曲北街交汇处西100米路南，近航天城地铁站A出口）,4415825,"2018年装修 ,2013年开业 ","34.160873,108.943469",九洲闲庭宾馆,4.5,['电话：18717371322'],经济型
碑林区东柳巷10号（手岛寿司3楼，距碑林区博物馆800米）,194425102,"2019年装修 ,2017年开业 ","34.257849,108.952427",汇源酒店,4.8,['电话：029-87366875'],经济型
新城区东大街353号文体大厦8层（陕西美术馆旁，距钟楼地铁站C口350米）,192662683,"2019年装修 ,2018年开业 ","34.259832,108.951192",锦航酒店(钟楼东大街店),4.7,['电话：029-87214508/17782897659'],经济型
莲湖区劳动南路老虎公寓A座1414室,183976040,"2018年装修 ,2018年开业 ","34.24328,108.909888",果宝酒店式公寓,5,['电话：18329967088'],经济型
未央区明光路与凤城四路十字向西200米世融嘉城（邻近朱宏路、凤城三路）,51302167,"2016年装修 ,2016年开业 ","34.326903,108.925272",海川酒店,4.5,['电话：029-86253711'],经济型
未央区三桥新街三桥万象城B座2505室,163157968,"2018年装修 ,2018年开业 ","34.290583,108.829488",云爱行酒店,4.8,['电话：15332414143/13572574647'],经济型
雁塔区科技路18号新科大厦B座608室,192550245,"2019年装修 ,2019年开业 ","34.228514,108.909339",枫悦主题酒店,4.8,['电话：029-88823479/13759623689/18192728084'],经济型
雁塔区高新六路与科技一路交汇处东南角万象汇B座12楼（近高新医院）,192131181,"2018年装修 ,2019年开业 ","34.228079,108.877784",紫云轩酒店(原观自在来福酒店),4.9,['电话：029-62575888/15319487506'],经济型
雁塔区朱雀南路与长安西路十字西北角紫郡长安北区F3号楼（近维也纳酒店）,193914352,"2019年装修 ,2019年开业 ","34.191992,108.938145",逸欢主题智能酒店,4.9,['电话：15620551638'],经济型
雁塔区长安中路215号西旅国际中心（近音乐学院）,193155452,"2019年装修 ,2019年开业 ","34.227248,108.947648",乐享民宿,4.6,['电话：15229287752'],经济型
雁塔区白沙路与科技六路交汇处西南角香榭兰岛,193751590,"2019年装修 ,2019年开业 ","34.210891,108.901173",西安Soft bed设计师公寓(高新兰岛广场文理学院店),5,['电话：18092911417'],经济型
未央区龙首北路东段353号宫园壹号官邸二期3号楼2层101区,193398580,"2019年装修 ,2019年开业 ","34.294356,108.953369",都市花园酒店(龙首原大明宫店),4.7,['电话：029-81628123/15829338178'],经济型
莲湖区未央路宫园美寓1栋1单元2220室,192230165,"2019年装修 ,2019年开业 ","34.286853,108.947618",西安派途海泉湾公寓酒店,4.9,['电话：18220804540/18091230624'],经济型
雁塔区科技路铂悦小区1号楼1单元16层,193925914,"2019年装修 ,2019年开业 ","34.236959,108.87431",文景酒店,4.9,['电话：13679268019'],经济型
未央区三桥新街万象城B座2019（华润超市楼上）,188104783,"2018年装修 ,2018年开业 ","34.290247,108.829759",茉莉姐公寓酒店,4.9,['电话：18092571619'],经济型
雁塔区朱雀大街南段城市立方第5幢（迪卡侬旁步行街西100米G4号楼）,178135237,"2018年装修 ,2010年开业 ","34.194308,108.938469",年华自助公寓酒店,4.7,['电话：15309200490'],经济型
碑林区兴庆路兴庆雅居1单元2204号，西京医院南200米,100276368,"2016年装修 ,2016年开业 ","34.266599,108.988815",西安庆阳乐公寓,4.7,['电话：13629205956'],经济型
未央区未央路150号赛高街区2号楼二单元101室（近凤城五路地铁站B出口）,193979949,"2018年装修 ,2019年开业 ","34.329149,108.945028",西安蒲公英公寓酒店,4.7,['电话：15191572037'],经济型
临潼区文化西路与人民北路交汇西50米路南,195860053,"2019年装修 ,2019年开业 ","34.377467,109.211944",美宜家北欧酒店,4.7,['电话：029-83999977'],经济型
未央区太华北路大明宫万达5号公寓1602室,195951156,"2019年装修 ,2019年开业 ","34.316524,108.973194",缘鑫阁酒店,4.8,['电话：029-81700080/17392261808'],经济型
临潼区201县道兵马俑停车场东南200米,191469874,"2018年装修 ,2018年开业 ","34.389921,109.290654",友家客栈,4.9,['电话：15877447580'],经济型
未央区苑城路与育新路交汇处东侧新府百姓市场综合楼第九层01号,193893560,"2018年装修 ,2019年开业 ","34.345815,108.960666",西安暖屋居酒店,4.6,['电话：029-85888880/17782565961'],经济型
雁塔区高新路与科技路交汇处南300米一品美道A座14层1419室,194781396,"2019年装修 ,2019年开业 ","34.228792,108.90212",棒果主题自助公寓酒店(高新区店),4.9,['电话：18220567275'],经济型
碑林区环城南路东段334号宏信国际花园,182658605,,"34.24979,108.95031",嘿兰的民宿(文艺路店),4.8,['电话：4000660190'],民宿
雁塔区南三环南飞鸿广场乐荟里3栋1305室,195038582,"2018年装修 ,2019年开业 ","34.185445,108.942245",尚·咖电竞连锁酒店(三爻店),4.9,['电话：18192300080/15399066050'],经济型
雁塔区丈八西路丈八北村13排5号,4187935,"2019年装修 ,2010年开业 ","34.198298,108.854842",金港轩宾馆,4.9,['电话：029-81883910/15309235871'],经济型
雁塔区曲江新区雁塔南路金辉世界城c区（近芙蓉西路）,195036831,"2017年装修 ,2017年开业 ","34.18299,108.973933",客来客家庭公寓,4.7,['电话：17782691686'],经济型
未央区明光路69号,191130406,"2018年装修 ,2018年开业 ","34.334697,108.929984",路客精品民宿(西安行政中心店),4.7,['电话：400-999-9270/18665016493'],民宿
新城区兴工西路与东站路交叉口西南角,1536461731,"2019年装修 ,2019年开业 ","34.283832,109.002514",非繁·金保利酒店(西安胡家庙店),4.7,['电话：029-82515090'],经济型
新城区解放路25号深业大厦7楼（距离永兴坊1公里，第四医院北侧）,105758214,"2016年装修 ,2016年开业 ","34.261185,108.963391",深业商务酒店(大差市地铁口民乐园店),4.3,['电话：029-87407088'],经济型
新城区西八路100号（火车站出口西南500米、省汽车站西门200米）,51414976,"2016年装修 ,2015年开业 ","34.274755,108.959453",布丁酒店(西安火车站西店),4,['电话：029-87421466'],经济型
莲湖区大庆路恒天国际城2号楼（近玉祥门地铁站C口）,114694559,"2016年装修 ,2019年开业 ","34.268857,108.920544",西安敦临世家精品公寓酒店(钟楼玉祥门地铁站店),4.9,['电话：17782708372/18192958187'],经济型
临潼区人民南路1号（临潼北十字，距华清池500米）,1536200,"2015年装修 ,2012年开业 ","34.371494,109.213457",速8酒店(西安华清池景区商业街店),4.6,['电话：029-83821616'],经济型
雁塔区子午大道2号（丈八东路与子午大道十字东南角）,97334775,"2018年装修 ,2016年开业 ","34.197356,108.90502",派酒店(西安高新店),4.4,['电话：029-88440000'],经济型
莲湖区未央路与油库街交汇处宫园美寓1栋24层2417室,194702709,"2019年装修 ,2019年开业 ","34.286859,108.947942",晗泰公寓酒店(西安明城墙龙首原地铁站店),4.7,['电话：13020433090'],经济型
雁塔区雁塔西路168号翔瑞大厦B座25层,193753035,"2019年装修 ,2019年开业 ","34.217717,108.935003",都市118精选酒店(交大一附院店),4.5,['电话：18192049680'],经济型
碑林区建工路33号,51913471,"2015年装修 ,2015年开业 ","34.243826,109.004595",锦江之星品尚(西安大雁塔建工路延兴门地铁站店),4.9,['电话：029-63397777-0'],经济型
新城区东五路朝阳门内50米路南（近永兴坊，距朝阳门地铁站C出口100米）,191378586,"2019年装修 ,2018年开业 ","34.269757,108.970286",朝内轻舍,4.9,['电话：13379509893'],经济型
新城区尚朴路27号（近地铁2号线钟楼站D出口）,682857,"2017年装修 ,2011年开业 ","34.263091,108.94979",布丁酒店(西安钟楼地铁站店),4.2,['电话：029-87266655'],经济型
未央区红旗东路与秦川路十字向北100米路东,6886605,"2014年装修 ,2014年开业 ","34.356152,108.977333",秦北商务酒店(北客站店),4.5,['电话：029-62390368'],经济型
临潼区秦俑村书金巷5号,150345964,"2018年装修 ,2016年开业 ","34.385989,109.28707",大秦小栈(兵马俑店),4.9,['电话：13572182549'],经济型
新城区兴庆西路219号海景酒店内（西京医院南100米路东）,103340612,"2015年装修 ,2010年开业 ","34.267917,108.988602",海景军大公寓酒店(西京医院店),4.2,['电话：15249068964'],经济型
临潼区秦俑村同制巷12号（秦始皇兵马俑博物馆停车场旁）,182606063,"2018年装修 ,2018年开业 ","34.388894,109.286761",沐光小院(兵马俑店),5,['电话：029-83935113/15129073149/13572063466'],经济型
阎良区华美二号小区9号楼门面房西安航空职工大学试飞院工学院向东300米,6348701,"2014年装修 ,2014年开业 ","34.656491,109.247161",飞天商务酒店,4.4,['电话：029-68257666'],经济型
雁塔区曲江路中海紫御华府28栋1单元0714室,185074074,"2018年装修 ,2018年开业 ","34.21341,108.992101",木槿小屋民宿,4.6,['电话：18091818279'],经济型
碑林区草场坡路长安壹栋,182077317,2018年开业 ,"34.235197,108.948789",隐居民宿,,['电话：13772184649'],民宿
临潼区兵马俑秦俑村书金巷02号,150591234,"2015年装修 ,2016年开业 ","34.385751,109.287153",子墨民宿(兵马俑店),5,['电话：15619397303'],经济型
碑林区友谊东路大话南门4号楼7层-A5（地铁2号线南稍门站C口南侧）,156768971,"2019年装修 ,2017年开业 ","34.239129,108.948401",西安途客酒店,4.7,['电话：15810027910/13359219159/13379512990'],经济型
碑林区环城南路宏信国际花园2栋2单元（南门广场东100米，世纪金花东门对面）,115070252,"2016年装修 ,2016年开业 ","34.249465,108.950275",添禧度假酒店,4.8,['电话：18092712918'],经济型
未央区凤城十路与凤城北路交叉口西北角世茂都17号（距地铁2号线运动公园A西北口200米）,177391998,"2018年装修 ,2018年开业 ","34.353124,108.943947",熙林酒店,4.9,['电话：029-86689000'],经济型
雁塔区长安南路与天坛路交汇处西南角象牙宫寓1号楼1单元1201室（距离西安会展中心地铁站200米，师大斜对面）,2395770,"2014年装修 ,2012年开业 ","34.20166,108.945601",雅居轩公寓酒店,4.4,['电话：029-85358632/18049625026'],经济型
长安区长安区北长安街70号（近航天城地铁站A口，文化街）,175072918,"2018年装修 ,2018年开业 ","34.158829,108.944353",燕子小居公寓(航天城地铁站店),4.9,['电话：13002922505/15319724768'],民宿
雁塔区西影路金裕花园,191117531,"2018年装修 ,2018年开业 ","34.224569,108.97034",路客精品民宿(西安大雁塔一店),4.8,['电话：400-999-9270/18092876586'],民宿
未央区常青二路与开元路交叉口西南角紫薇风尚西区17号楼,101800407,"2016年装修 ,2016年开业 ","34.331963,108.953424",尚可民宿,4.8,['电话：18192526843'],民宿
碑林区南关正街中贸广场4号楼A座706室,193857453,,"34.244575,108.946237",馨之屋民宿,,['电话：18302955466'],民宿
未央区凤城五路未央路海棠花园,194510750,,"34.33036,108.95055",郭先生1518的民宿(未央路三店),,['电话：4000660190'],民宿
雁塔区慈恩路太平堡新一排12号（近大雁塔南广场）,192999667,"2017年装修 ,2017年开业 ","34.216064,108.968229",TOWO上品酒店(西安大雁塔大唐芙蓉园店),4.9,['电话：029-89838952'],经济型
莲湖区大学习巷62号（近城隍庙，距回民街100米）,195575664,"2019年装修 ,2019年开业 ","34.261586,108.936153",睿居简素酒店,4.9,['电话：029-89623355'],经济型
未央区太华北路延伸线城北医院北副楼,192651886,"2018年装修 ,2019年开业 ","34.359319,108.981112",快乐精品酒店,4.8,['电话：18809295086'],经济型
雁塔区丈八西路东滩社区（丈八沟小学隔壁）,40231226,"2015年装修 ,2015年开业 ","34.198608,108.850011",永裕主题酒店,4.1,['电话：029-81029988'],经济型
未央区学府东路学府街区学府公寓16层,188943979,"2018年装修 ,2018年开业 ","34.381498,108.990542",阿拉德电竞公寓,4.7,['电话：13227840618/18092798554/13991237113'],经济型
未央区太华北路大明宫万达广场4号公寓5楼,41428319,"2015年装修 ,2015年开业 ","34.316374,108.972714",华亿巴伦影视酒店,4.5,['电话：029-83666930'],经济型
雁塔区锦业一路19号旗远锦樾2号楼（西安饭庄东侧）,6564712,"2014年装修 ,2014年开业 ","34.192386,108.874364",锦汇商务宾馆,4.4,['电话：029-88852135'],经济型
莲湖区立新街4号（北大街地铁站A2出口西200米）,4954019,"2017年装修 ,2015年开业 ","34.270533,108.942603",众悦快捷酒店,4.2,['电话：029-88866255'],经济型
莲湖区劳动路77号（西稍门十字向北200米，劳动路地铁站向南700米）,177931803,"2018年装修 ,2018年开业 ","34.262356,108.91028",名典酒店(西稍门机场大巴站店),4.5,['电话：029-88222266/88222277'],经济型
长安区滦镇210国道中兴通讯向北300米,186037799,"2016年装修 ,2016年开业 ","34.099581,108.833692",西安君悦时代酒店,4.5,['电话：029-85693666/17795724591'],经济型
新城区东站路68号（近胡家庙海鲜批发市场）,159445185,"2017年装修 ,2010年开业 ","34.282968,109.002889",骏怡连锁酒店(西安新城胡家庙海鲜批发市场),4.3,['电话：029-82281111'],经济型
碑林区端履门与东大街交叉口南150米路西（慈爱妇产医院斜对面）,42410609,"2015年装修 ,2015年开业 ","34.257104,108.953755",晴天酒店(西安钟楼骡马市店),4.2,['电话：029-87370698'],经济型
未央区凤城九路海荣名城65号楼1单元1704,152511443,"2018年装修 ,2018年开业 ","34.348722,108.944179",A+公寓(运动公园地铁站店),4.9,['电话：18591762218'],经济型
未央区经开区文景路与凤城十二路十字东北角首创富北高银4楼,67623930,"2015年装修 ,2015年开业 ","34.36125,108.939492",鸿瑞商务酒店(西安北客站北苑地铁站店),4.2,['电话：029-86191409/89180066'],经济型
碑林区南二环西段157号（太白印象城西侧，西安电子科技大学北门正对面）,187314551,"2018年装修 ,2018年开业 ","34.235585,108.920109",轻住·西安大洋时代酒店,4.5,['电话：029-89667799/13324503769/17791536893'],经济型
新城区新城广场南侧南长巷32号（近光仁医院）,2387275,"2012年装修 ,2011年开业 ","34.262439,108.953254",汉唐居精品酒店,4.8,['电话：029-87389765'],经济型
雁塔区大寨路华府新桃园底商,4936108,"2012年装修 ,2012年开业 ","34.245911,108.885074",圆顺商务酒店,3.9,['电话：029-88855777'],经济型
碑林区端履门46号云龙大厦1楼,191511455,"2019年装修 ,2018年开业 ","34.257886,108.953237",西安JX优选酒店,4.6,['电话：029-87385885/13201645280'],经济型
雁塔区锦业路38号粤汉国际C座,42571666,"2015年装修 ,2015年开业 ","34.1935,108.87296",粤汉酒店,4.3,['电话：029-81881888'],经济型
蓝田县文姬南路9号,163046087,"2017年装修 ,2017年开业 ","34.168259,109.31029",兰朵酒店,4.7,['电话：029-82887678'],经济型
新城区金花北路胡家庙社区卫生服务中心旁（近胡家庙地铁站）,175139905,"2018年装修 ,2018年开业 ","34.275952,108.996046",白云商务酒店(胡家庙地铁站店),4.4,['电话：029-81034828/18700837220'],经济型
阎良区人民西路与迎宾大道交叉十字凤凰广场北200米,110647819,"2016年装修 ,2016年开业 ","34.660704,109.213744",银河大酒店,4.8,['电话：029-81660888/18709248058'],经济型
雁塔区乐游北路与乐游东路交汇处后村小区1号楼201室（汉庭连锁酒店斜对面，西影路派出所北50米）,150375159,"2018年装修 ,2017年开业 ","34.225696,108.967956",舒雅公寓酒店(西安大雁塔店),4.2,['电话：15129234565/15129936550'],经济型
莲湖区北大街宏府嘉会公寓A座12层12037室（钟楼地铁站A出口南30米）,4261410,"2015年装修 ,2015年开业 ","34.262106,108.946383",路客公寓酒店(西安钟楼回民街店),4.9,['电话：029-87399195/13474161274'],经济型
新城区西一路金钟大厦A座9层（钟楼地铁口D出口旁， 沃4G手机店进入）,114509170,"2016年装修 ,2017年开业 ","34.26166,108.947478",忆时光主题酒店,4.1,['电话：029-87404003/17791979531'],经济型
碑林区兴庆南路交通大学东南门斜对面,168985497,"2018年装修 ,2010年开业 ","34.244875,108.988833",雅馨公寓酒店,4.9,['电话：15094080161'],经济型
新城区西五路82号西北医院向东斜对面（原西安交大附属二院斜对面）,3248408,"2016年装修 ,2013年开业 ","34.26966,108.95277",澜庭快捷酒店(北大街西五路店),4,['电话：029-88649797/87376600'],经济型
莲湖区北大街宏府嘉会广场B座8006室（钟楼北200米，新世界百货商场楼上）,683219,"2018年装修 ,2015年开业 ","34.262616,108.946566",西安凯冠公寓,4.8,['电话：18992815657/15829208139'],经济型
碑林区中贸街中贸广场5号楼2单元,171755568,"2018年装修 ,2018年开业 ","34.24387,108.946368",木又旅居,4.9,['电话：18591912991/17791812966'],经济型
碑林区中贸街中贸广场15号楼4单元903室（南稍门地铁站A2口出北行200米，星巴克旁）,4746298,"2017年装修 ,2017年开业 ","34.24333,108.946421",百隆公寓酒店(西安南门城中心店),4.4,['电话：029-85568863/18189257602/15091196659'],经济型
新城区西五路76号物资大厦（交大二附院对面，澜庭酒店隔壁）,93066258,"2016年装修 ,2016年开业 ","34.269485,108.953083",物航客栈(北大街钟鼓楼店),4.5,['电话：029-87368661/18192560716'],经济型
新城区东一路117号东大街百盛北100米（市第四医院后侧）,165526683,"2018年装修 ,2018年开业 ","34.26203,108.965474",德正酒店,4.3,['电话：029-87433837'],经济型
雁塔区曲江会展中心南100米路东金品国际2单元一楼大厅,90204997,"2016年装修 ,2016年开业 ","34.191836,108.948331",枫叶商务主题式酒店(国展中心电视塔店),4.5,['电话：029-68616291/18240881118/13571919567'],经济型
未央区未央路二府庄龙首塬小区4号楼西单元,108480224,"2016年装修 ,2016年开业 ","34.296468,108.948621",七月公寓酒店(龙首村店),4.5,['电话：15596870269'],经济型
长安区太乙宫街道福利院对面100米巷内（近西安翻译学院）,165683308,"2018年装修 ,2018年开业 ","34.025196,109.006079",每天酒店,4.5,['电话：17792067959'],经济型
未央区凤城二路大明宫万达广场13号楼12层（距地铁四号线余家寨C口100米）,97100279,"2016年装修 ,2016年开业 ","34.316833,108.974102",寒舍客栈(大明宫万达店),4.8,['电话：029-86689859/86689856/18192488501'],经济型
未央区凤城十二路与凤城北路交汇处首创漫香郡小区（北苑地铁站西侧）,157352577,"2017年装修 ,2017年开业 ","34.360427,108.94149",尚可民宿(高铁北客站店),4.8,['电话：13572168088/18066790646/18991121986'],民宿
灞桥区纺渭路华阳玲珑苑三号楼一单元（近纺织城地铁站D出口、唐都医院）,193898304,"2019年装修 ,2019年开业 ","34.279738,109.071276",艺宿精品酒店(西安纺织城地铁站唐都医院店),5,['电话：13572225167'],经济型
未央区未央路164号双威理想城9号楼18层1811室（近地铁2号线凤城五路站A出口，地铁2号、4号线行政中心站B3出口）,190413105,"2018年装修 ,2019年开业 ","34.334727,108.946174",豪栖客智能公寓式酒店,4.9,['电话：17791519919/18054168888'],经济型
灞桥区堡子村纺织城正街华夏世纪广场B座（环岛旁，转盘南）,158697067,"2017年装修 ,2017年开业 ","34.273785,109.056196",唯爱民宿,4.9,['电话：18091836082'],经济型
高陵区泾渭路龙凤园东门,4620110,"2014年装修 ,2013年开业 ","34.449523,109.005406",国友商务酒店,4.7,['电话：029-86027777/86022666'],经济型
莲湖区庙后街202号（大麦市街与庙后街交叉口东30米路南，距洒金桥地铁站B口800米）,195877722,"2019年装修 ,2019年开业 ","34.262979,108.933013",Y酒店(钟鼓楼回民街店),4.8,['电话：029-88611100/13730620897'],经济型
雁塔区太白南路与科创路交口正茂广场9005室,191460742,"2019年装修 ,2019年开业 ","34.223025,108.915083",爱彼丽酒店,5,['电话：17702913730'],经济型
长安区西长安街万科城一期（近小区南门）,165742994,"2018年装修 ,2018年开业 ","34.159207,108.893722",西安曼波民宿,4.7,['电话：18092152501'],经济型
蓝田县白鹿原影视城南门向西200米（107省道腰窝子村西部）,6630369,"2018年装修 ,2017年开业 ","34.070587,109.272378",王家大院,4.7,['电话：029-82867666/13709262057'],经济型
高陵区泾渭路与陕汽路交汇处南100米路东（车城温泉花园对面、近嘉园国际购物中心）,182489047,"2018年装修 ,2018年开业 ","34.465995,109.004513",世纪星酒店,4.5,['电话：029-86053339/13165725986'],经济型
未央区未央路与凤城六路交叉口双威迎宾广场9号楼2504室,193889443,"2019年装修 ,2019年开业 ","34.334872,108.94615",momo熊猫电竞主题酒店,4.9,['电话：18009219041/15877388737'],经济型
未央区凤城十路与文景路交汇处东200米路南（金源御景华府小区东1门旁）,118857143,"2016年装修 ,2016年开业 ","34.351216,108.9418",汉庭(西安凤城十路店),4.2,['电话：029-89360666-0'],经济型
未央区凤城九路海荣名城小区65号楼2单元101室（近文景路）,5268427,"2018年装修 ,2013年开业 ","34.348743,108.944116",归途温馨公寓式酒店(凤城九路店),4.3,['电话：029-89240504/15353577134/18991801192'],经济型
莲湖区沣惠北路71号（开远门地铁站北500米）,182075173,"2018年装修 ,2018年开业 ","34.274002,108.891852",美珈 · 曼卡顿酒店,4.6,['电话：029-84211789'],经济型
雁塔区丈八北路256号捷瑞新时代2单元19楼,190846696,"2018年装修 ,2018年开业 ","34.2307,108.87187",祥悦居旅行潮宿,4.8,['电话：13087550523'],经济型
莲湖区高新区群贤路高新尊寓9号楼,191235158,"2019年装修 ,2019年开业 ","34.243,108.891645",Dreamer电竞酒店,5,['电话：15353667466/15909203451'],经济型
未央区元朔路长乐东苑B区1栋1304（近北客站）,179108255,"2018年装修 ,2018年开业 ","34.374956,108.952206",华燕商务宾馆,4.7,['电话：18049220452/18829093880'],经济型
未央区天台路和平春天2号公寓楼1235号房,192591435,"2019年装修 ,2019年开业 ","34.256953,108.824011",缘爱情趣主题酒店,4.8,['电话：17791353822'],经济型
雁塔区兴善寺东街6号蓝溪花园8号楼A座,188400943,"2018年装修 ,2010年开业 ","34.225167,108.952259",玩家国度电竞酒店(蓝溪花园店),4.8,['电话：18109297792/15094015357'],民宿
莲湖区未央路3号宫园美寓小区2008室（北关2号线安远门地铁站北300米路东）,193630186,"2019年装修 ,2019年开业 ","34.286774,108.947821",CC玩家电竞酒店,4.8,['电话：18629218999/15129382822'],经济型
雁塔区长安中路华旗国际广场B座2511室,193647676,"2019年装修 ,2019年开业 ","34.221536,108.947661",幕后玩家电竞主题酒店,4.9,['电话：18220805033'],经济型
莲湖区大麦市街金桥公寓,191120103,"2018年装修 ,2018年开业 ","34.260643,108.932726",路客精品民宿(西安回民街金桥公寓店),4.9,['电话：400-999-9270/15353993029'],民宿
雁塔区崇业东路万科新地城东区（凯德广场旁）,191114549,"2018年装修 ,2018年开业 ","34.228537,108.937294",路客精品民宿(西安大兴善寺店),4.8,['电话：400-999-9270/18629613749/18392199148'],民宿
碑林区南关正街中贸广场南区,191125251,"2017年装修 ,2019年开业 ","34.242531,108.946416",路客精品民宿(西安中贸广场三店),,['电话：400-999-9270/18392691631'],民宿
雁塔区雁南一路与翠华路交叉口西北角长庆坊玺岸1号楼3单元,162882805,"2017年装修 ,2017年开业 ","34.212415,108.955367",鸥鱼连锁民宿(西安大雁塔店),4.5,['电话：18710793594'],经济型
碑林区环城南路东段南门广场东100米宏信国际花园,93183585,"2016年装修 ,2016年开业 ","34.24849,108.94972",斑斓酒店(钟楼南门古城墙地铁站店),4.9,['电话：18089202170'],经济型
碑林区长安北路中贸广场15栋3单元32113室（近南稍门地铁站 ）,5245023,"2017年装修 ,2014年开业 ","34.242494,108.946504",依恋公寓酒店(中贸广场店),4.8,['电话：029-89545668/18591787901/18191326860'],经济型
碑林区书院门步行街63号关中书院内,102932261,"2017年装修 ,2012年开业 ","34.254585,108.950161",从吾客栈(西安钟鼓楼南门旗舰店),4.7,['电话：029-87270397'],经济型
新城区兴庆北路海景酒店12楼10号,41288537,"2012年装修 ,2012年开业 ","34.267881,108.988625",西安海景家庭公寓,3.9,['电话：18049276550/18192190228'],经济型
未央区未央路33号印象城5号楼2003室（近地铁二号线龙首原站D出口、星巴克）,160173526,"2017年装修 ,2017年开业 ","34.294176,108.948772",西安龙首居精品酒店公寓,4.9,['电话：18629361757'],经济型
雁塔区科技六路兰岛广场2单元15层,193588363,"2019年装修 ,2019年开业 ","34.211159,108.900984",优兰美居·度假公寓酒店,5,['电话：19991204756'],经济型
长安区北长安街90号（近航天城地铁站A出口，近文化街口）,664225,"2014年装修 ,2000年开业 ","34.159597,108.944604",惠宾饭店(航天城地铁口店),4,['电话：029-85290912'],经济型
新城区北关正街9号鸿海大厦4楼,193893421,"2018年装修 ,2018年开业 ","34.27926,108.947628",西安Busy旅行酒店,4.9,['电话：18509280428'],经济型
碑林区朱雀大街北段72号合能朱阙2号楼1单元,185447362,"2018年装修 ,2018年开业 ","34.245248,108.938107",永宁酒店,4.9,['电话：13119128353'],经济型
高陵区泾河工业园马家湾长庆西路12号,118117026,"2016年装修 ,2016年开业 ","34.445729,109.003416",龙悦酒店,4.2,['电话：029-86967400'],经济型
未央区凤城十路与凤城北路交汇处西北角凯里亚德26楼（世贸都17号楼）,178858188,"2018年装修 ,2018年开业 ","34.352558,108.94412",西安你可居酒店,4.7,['电话：13324531532/15829079855'],经济型
灞桥区纺渭路华阳金街玲珑苑3号楼一单元501室（华阳城北侧）,190633141,"2019年装修 ,2019年开业 ","34.280789,109.071464",西安良栖小筑精品酒店,4.8,['电话：18700586375'],经济型
长安区子午大道智慧城五期4号楼706室,186115103,"2018年装修 ,2018年开业 ","34.158755,108.905167",拾色设计民宿(西安邮电大学店),4.9,['电话：17792607967'],经济型
未央区元朔路672号长乐东苑C区6b2701（近高铁站）,175490670,"2017年装修 ,2018年开业 ","34.372906,108.953056",天赐旅游商务宾馆,4.8,['电话：15332463254'],经济型
碑林区长安北路118号中贸广场15号楼4单元,187859161,"2018年装修 ,2018年开业 ","34.243055,108.946455",晨曦微露精品公寓,4.9,['电话：13572047408'],经济型
未央区明光路与凤城九路交汇处东北角中登文景时代10号楼2308室（4号线凤城九路站E出口）,187076250,"2018年装修 ,2018年开业 ","34.348129,108.930063",中登漫居家庭精品公寓酒店,4.7,['电话：17792367402/17792352343'],经济型
未央区张家堡街道未央路盛龙广场B区,191120868,"2019年装修 ,2019年开业 ","34.298937,108.945548",路客精品民宿(西安龙首原印象城店),,['电话：400-999-9270/13250295040'],民宿
未央区太华北路大明宫万达广场2号门对面（太华路与凤城二路交口西南角，余家寨地铁站A口南100米）,178775196,"2018年装修 ,2018年开业 ","34.316825,108.971114",罗曼假日酒店,4.8,['电话：029-81705780/17392735433'],经济型
新城区解放路民乐园万达2号楼1单元（近大差市地铁站，永兴坊西500米）,1511666,"2018年装修 ,2012年开业 ","34.264591,108.9643",芍药居精品酒店(永兴坊万达店),4.4,['电话：029-87399901/87399866'],经济型
未央区欧亚达大道欧亚国际一期一栋一层,161063018,"2017年装修 ,2017年开业 ","34.331559,109.01628",LL创意酒店,4.5,['电话：029-86620068'],经济型
蓝田县蓝桥镇野竹坪村,179194875,"2018年装修 ,2010年开业 ","34.053498,109.458001",蓝野世外桃源民宿,4.5,['电话：15389233858/13991971319'],经济型
阎良区富阎友谊路中华郡南侧,182124787,"2018年装修 ,2008年开业 ","34.697984,109.196338",天成园酒店,4.5,['电话：029-8206000/029-86806688'],经济型
未央区元朔路长乐东苑C区6栋（离北站800米）,183962654,"2017年装修 ,2017年开业 ","34.373037,108.952934",加州时尚公寓,4.8,['电话：13720657902'],经济型
未央区世纪大道沣东新城启航时代广场D座13楼（近后卫寨地铁站）,194635131,"2019年装修 ,2019年开业 ","34.300318,108.814985",喜金町电竞主题酒店,4.9,['电话：17791316121'],经济型
碑林区金花南路61号立丰国际公寓2103室,193877630,"2019年装修 ,2019年开业 ","34.248307,108.997323",懿馨驿站电竞酒店,4.8,['电话：029-82286966'],经济型
碑林区永宁路大话南门2期,184048268,"2018年装修 ,2018年开业 ","34.240382,108.949019",大象民宿(西安南门店),4.8,['电话：13571935440'],经济型
莲湖区北大街宏府嘉会广场A座9025（钟楼北200米）,42803843,"2016年装修 ,2015年开业 ","34.261956,108.946541",钟楼居家商务酒店,4.7,['电话：029-87210885/15319483038'],经济型
碑林区黄雁村十字东南角华豪丽晶1号楼1201室（西门子东10米）,6441659,"2014年装修 ,2011年开业 ","34.240738,108.932678",如意宾馆,4.6,['电话：18049283308'],经济型
未央区元朔路672号长乐东苑C区3号楼,192088406,"2018年装修 ,2019年开业 ","34.372721,108.953713",乐佳尚品公寓,4.8,['电话：18729509182'],经济型
未央区尚贤路2号兴隆苑6号楼（近奥达文景观园）,190580537,"2018年装修 ,2019年开业 ","34.389035,108.952402",海棠酒店(北客站店),4.9,['电话：18292818777'],经济型
碑林区长安路街道中贸广场,191505221,,"34.243157,108.946145",权姐姐的民宿(南稍门店),4.8,['电话：4000660190'],民宿
雁塔区长安西路华城国际小区2号楼1单元2809室,177829105,"2019年装修 ,2019年开业 ","34.191143,108.944887",奢寓主题民宿,4.8,['电话：15102950050'],经济型
雁塔区雁南五路紫薇永和坊58栋10102号,1720536720,"2019年装修 ,2019年开业 ","34.194489,108.962142",西安墨舍体验式民宿,,['电话：029-81203234/19929947547'],经济型
碑林区经九路3号（化工六院南门）,2465366,"2016年装修 ,2013年开业 ","34.238445,108.981452",润佳连锁酒店(西安南二环交通大学南门武警医院店),4.3,['电话：029-82289600/62780111'],经济型
新城区解放路与西七路交叉口西北角保康大厦B座11楼11132室（近火车站）,175329030,"2018年装修 ,2018年开业 ","34.273995,108.962183",悦佳公寓酒店,4.6,['电话：029-89627275/15191411365'],经济型
雁塔区曲江新区新开门街新开门小区,193302559,"2018年装修 ,2019年开业 ","34.209818,109.004622",途享民宿,4.9,['电话：13991902950'],经济型
未央区凤城十二路太古城三期慈云宏景4号楼201室,1114619430,,"34.361247,108.948624",灰度空间青年旅舍,,['电话：17791365520'],民宿
莲湖区庙后街27号,194363891,"2019年装修 ,2019年开业 ","34.263345,108.938121",丽班酒店(钟鼓楼回民街店),,['电话：029-89623887/18629544410'],舒适型
未央区文景路与二环北路交叉口向南300米路东（紧邻西安邮政中心局）,40093070,"2015年装修 ,2015年开业 ","34.305335,108.938183",唐安酒店,4.8,['电话：029-86337666/86337999'],高档型
碑林区长安北路103号（地铁二号线南稍门站C出口南100米，近红会医院）,181743029,"2018年装修 ,2018年开业 ","34.238744,108.947232",维也纳酒店(西安南门店),5,['电话：029-65679666/13119161196'],高档型
新城区西五路26号（4/1号线五路口地铁站西200米）,4056026,"2018年装修 ,2013年开业 ","34.269716,108.959718",全季酒店(西安火车站店),4.5,['电话：029-83267999'],高档型
临潼区会昌路南段288号（会昌路与东关正街交叉口西北角）,63204690,"2015年装修 ,2015年开业 ","34.369118,109.22403",富临酒店,4.6,['电话：029-62779999'],高档型
周至县高新集贤园振兴路2号（环山路北200米，振兴路与创业大道交汇处）,157836783,"2017年装修 ,2017年开业 ","34.073682,108.374567",懿园酒店,4.6,['电话：029-85136099'],高档型
雁塔区雁翔路正荣彩虹谷2号楼（近曲江立交）,170544325,"2018年装修 ,2018年开业 ","34.194287,109.011162",西安南曲江智选假日酒店,4.5,['电话：029-62508888'],高档型
新城区南新街27号,538966395,"2018年装修 ,2018年开业 ","34.262844,108.954921",钟楼亚朵S吴酒店,,['电话：029-87218666'],高档型
长安区博士路60号,96820922,"2016年装修 ,2016年开业 ","34.168867,108.868969",西安阳光城希尔顿花园酒店,4.9,['电话：029-88190999'],高档型
未央区徐家湾渭滨路与渭清路交汇处东北角,1570939,"2012年装修 ,2012年开业 ","34.349155,108.966132",西安天鼎酒店,4.8,['电话：029-89153888/83664019'],高档型
雁塔区曲江新区曲江池北路凤凰池商业街7号院（近梓林亭、大雁塔曲江旅游区）,157102828,"2017年装修 ,2017年开业 ","34.206613,108.981504",西安印象南湖民宿,4.9,['电话：029-88881205/13363994619/13022888183'],高档型
雁塔区红专南路8号,98590025,"2016年装修 ,2016年开业 ","34.215139,108.956122",璞隐酒店(西安大雁塔店),4.8,['电话：029-85218899'],高档型
碑林区南大街54号（近地铁2号线钟楼站C出口，近钟鼓楼回民街）,6568608,"2014年装修 ,2014年开业 ","34.256509,108.946716",西安钟楼南大街和颐酒店,4.8,['电话：029-88882266'],高档型
雁塔区曲江新区雁南一路北侧659号,91514728,"2017年装修 ,2017年开业 ","34.211893,108.961308",西安大雁塔希尔顿欢朋酒店,4.9,['电话：029-89327666'],高档型
莲湖区莲湖路172号（玉祥门旁）,664696,"2008年装修 ,1989年开业 ","34.269004,108.931903",西安古都文化大酒店(原古都新世界大酒店),4.4,['电话：029-87216868'],四星级
新城区幸福南路109号老钢厂设计创意产业园（近建筑科技大学东校区，近咸宁中路）,93923599,"2016年装修 ,2016年开业 ","34.247568,109.020353",左右客设计师精品酒店(西安老钢厂店),4.8,['电话：029-82565666/13259766112'],高档型
雁塔区锦业路与丈八四路十字口西北角神州数码科技园（近陕西人民大会堂）,164109884,"2017年装修 ,2017年开业 ","34.195029,108.868304",和颐至尊酒店(西安高新区锦业路店),4.8,['电话：029-81101166-9/18706798623'],高档型
未央区凤城七路与文景路交汇处西长和国际A座（近地铁四号线文景路C口，距离市政府960米）,97763599,"2016年装修 ,2016年开业 ","34.337632,108.93243",美豪酒店(市政府店),4.7,['电话：029-63388886'],高档型
未央区二环北路西段5号未央立交西北角（省交警总队西侧 ，近地铁二号线市图书馆站）,671295,"2014年装修 ,2009年开业 ","34.31071,108.942563",禹龙国际酒店,4.6,['电话：029-85338888'],豪华型
雁塔区芙蓉东路6-1号（3/4号线大雁塔地铁站C出口向南400米，近陕西历史博物馆）,4646001,"2015年装修 ,2009年开业 ","34.218811,108.965699",西安大唐博相府酒店,4.6,['电话：029-85563333'],豪华型
碑林区南大街粉巷中段南院门10号（近地铁2号线西安钟楼站C出口）,51257435,"2016年装修 ,2016年开业 ","34.255603,108.941676",西安東舍精品酒店,4.8,['电话：029-89625555'],豪华型
雁塔区雁塔南路6号,4960236,"2010年装修 ,2001年开业 ","34.197654,108.962426",国际会议中心曲江宾馆,4.5,['电话：029-85223333'],豪华型
